1878,58,30,1879,594,95,30,98,147,1879,95,1880,20,147,1879,95,1880,1461
264,41,931,95,161,2,85,108,37,1102
110,95,116,935,296,600,1450,528,144,1451,544,37,1452,37,1453
122,544,37,1,59,438,757,37,4,1481,4,75,544,43,49,1482,43,95,1483
55,130,29,247,59,58,452,130,373,140,160,37,167,161,419,37,56,95,25,59
122,185,62,198,511,7,5,41,161,55,5,36,56,846,1079,95,263,135,366,24,266,22,10,731,36,56
445,301,63,898,482,212,241,212,594,605,110,95,34,95,496,1021,37,161
135,5,544,869,90,160,243,1201,219,95,308,1468,1502,2,1011,619,115,151
55,36,5,4,455,37,151,95,92,29,1620,6,49,161,95,435,95,304,95,6,699,509,49,161
115,133,736,74,95,147,527,95,1647,95,482,2,242,37,143
198,168,37,1502,455,37,151,95,67,1694,62,34,7,346,67,1505
1747,167,95,4,55,543,245
29,95,642,664,122,185,62,5,743,75,36,160,85,271
115,37,615,1867,1878,95,111,1988,37
2002,95,642,1868,1869,869,869,145,37,1901,2002
59,74,6,229,95,484,2024,1826,1826,743,1234,2025,1826,2024,1826,720,36
105,2,2035,449,2,74,133,95,1062,423,167
400,246,56,206,655,655,56,131,2056,95,400
55,4,5,642,543,114,58,167,59,130,62,95,2060,71
29,762,869,137,869,5,25,1378,1201,58,172,95,111,25
1878,58,30,1879,594,74,95,30,98,147,1879,95,1880,20,147,1879,95,1880,1461
232,58,387,423,398,43,49,2,198,62,95,387,29,585,215
1952,1953,2,95,133,131,246,594,1859,1860,1164,1861,1862,1906,2,35,36,37,4
85,86,4,62,5,158,870,130,716,95,183,513,36,195,37,1874
115,4,37,301,37,34,1276,95,499,142,49,161,115,4,37,1502,56,151
55,56,846,219,95,135,366,24,266,22,10,731,36,56,387,1520,1125,407,763
502,1087,95,105,114,143,138,1526,1,923
55,444,208,444,95,356,208,55,135,731,36
55,5,73,36,95,121,2,1530,37,1531,146,544,146,360,74,763,151,757
554,55,36,54,108,130,745,36,90,373,39,1502,2,151,95,243,2,1468,1011,736
55,36,5,4,55,5,642,455,37,151,1502,95,70,95,1584,95,1585,137,37,1589,95,49,161
455,642,37,151,95,243,161,137,1589,756,37,49,161
160,4,642,247,544,997,4,5,36,95,1,1589,2,110,544
29,1132,95,6,49,161,29,95,435,95,304,1135,1612,1613,6,49,161
29,58,452,95,151,1656,14,146,296,29,53,36,156,130,151,362,160,36,161
3,5,34,7,142,180,75,1684,14,1685,14,67,75,1686,1687,180,95,67
115,314,117,680,459,6,680,161,1690,95,6
930,36,22,131,37,7,151,161,73,7,37,161,271,95,308,67
62,1750,172,147,1751,146,243,552,1439,180,172,95,243
29,22,1755,762,37,2,62,29,853,95,2,1754,22,22
1747,6,1640,34,7,95,4,95,642,10
85,122,5,4,1116,105,133,27,869,1768,1769,1530,186,95,4
55,4,5,199,459,58,105,160,174,1078,542,373,1201,95,111,714,1502,56,151
151,4,1508,115,401,110,262,43,95,642,1780,1782,151,59,20,59,20,29,151,1256,27,62,414
1789,1494,95,6,1012,2,114,36,7,2,1021,151,161
187,37,1,59,114,35,56,86,201,170,6,167,59,95,176,62,289
55,58,670,198,77,36,56,497,130,4555,34,1738,38,131,43,95,892
22,2,1738,3601,95,7,30,31,2316,1738,552,31,3522,1738,266,266,31
55,2305,108,130,58,29,3764,95,110,6,7,75,1738,227,3764,29,123,130,36,29,58
3,95,436,133,3024,2,69,27,1661,2,160,2023,3,95,304,95,818,95,2100,95,2201
1100,7,57,1417,2,95,67,93,242,245,880
1465,85,232,37,568,36,37,377,2,35,95
90,55,528,482,343,36,56,2,3,36,5,3601,78,55,34,2,74,262,95,892,131,528,482,343
140,69,119,97,33,2824,33,29,69,147,33,482,5617,95,935
4604,2,95,111,1235,246,4312,3706,30,333
130,2395,43,56,95,49,90,92,92,92,85,2821,258,130,482,59,2,528
55,5,41,761,29,1,2,122,49,95,1,95,381
636,4387,1045,931,2,95,1982,147,21,4329
37,115,1738,6,2,508,386,29,41,95,7
329,1,4555,6,2,114,381,85,207,399,95,893,1,4555
528,170,206,58,1277,557,559,95,6,714,319,262,6,436,715
29,31,2099,41,5721,137,5720,41,161,95,3522
114,41,5721,262,1436,617,484,95,151,116,2384,232,994,482,41
329,1,5721,6,2,114,85,206,399,95,893,1,22,41,1100
31,267,1751,41,3517,34,4331,1738,5733,95,1100
95,639,3517,2,210,2,210,37,7,1302,2,427,37,36,56,7
31,1234,314,31,5735,41,1100,1738,2719,34,4386,95,7,4457,31
29,1738,43,95,892,39,37,6,482,4386,85,302,58,4385,2023,914,467
55,5,74,58,37,34,115,752,137,5,4316,2,131,43,172,524,95,1591
260,5,36,55,36,56,170,95,674,2,745,898,247,842,271,37,34
260,185,71,772,127,763,3336,27,737,736,95
926,4321,5,6,167,55,27,1595,208,1653,95,147,5755,187,36,56,135,38,187,830,135,38,85,112,167,37,1
73,6,167,638,95,75,55,36,131,56,36,131,56
55,36,5,135,142,24,10,2347,62,1988,37,3527,41,95,2260
39,105,105,465,2260,220,7,2407,3529,41,2260,95,679,1691
465,1116,4434,5,144,638,318,95,1234,552,97,105,1116,3529,465,62,5,144,1320,1320
105,903,430,5766,133,55,123,3529,55,62,115,160,5,3529,137,95,1698
135,41,7,95,482,5768,5769,62,3558
55,5,4384,301,198,263,114,3764,95,7,264,242,603,145,393,745,74,58,37,532,4391,4392
29,122,4313,37,1,0,1982,1047,110,2740,95,515,4619,524,2740,135,2639
41,7,4324,41,1100,43,105,95,892,973,1047,850,994,500,3558,6,746,3214,75
329,1,4324,365,2,114,2,174,85,207,399,95,893,1,22,41,1100
4324,34,5735,1738,95,1100,31,30,4313,41,7
263,90,74,36,294,923,156,6,746,0,36,3,95,1218
29,73,116,680,37,4324,206,55,741,41,7,131,290,95,174,1491,4324
926,4600,34,5774,39,37,5771,95,895,55,1353,59,229,294,36,175,3,37
29,436,3803,95,5349,243,2,152,74,83,2125,85,1296,6,2,114,1146
36,543,565,1328,57,264,95
1436,95,56,930,540,393
36,670,543,1722,343,6,49,2,4262,3424,95,92
4854,237,2903,95,1277,201
130,455,95,1218,257,6000,4250,86
130,198,8975,573,1178,95,2912,503
263,168,111,95,217,536,731,158,718,3092,1701,4860,36
745,95,1178,36,55,56,198
385,76,49,716,1739,95
463,55,90,62,3646,893,399,95
1388,95,4741,6,470,95,257,1218,58
54,108,130,958,143,130,85,3197,217,95
735,6191,95,3675,243,356,386,6191,5,56
608,5,608,260,185,4673,6,4838,3912,95,229
130,36,1093,136,41,71,95,6,49
130,1062,264,95,3986,438,386,85,110,56,1195,4168
185,217,75,9019,1057,130,1346,95,3315,538,2553
393,286,215,1321,917,638,95
637,95,36,9026,131,2821,85,74,516,3179,385
260,56,1093,364,8951,95
4047,95,151,763,6007,3730,29
135,73,8847,56,136,988,95,34,435
130,95,88,2583,756,3786,75
745,694,2193,94,95,6,676
153,693,95,897,1254,9065,49
1619,95,602,242,574,92,74,58
108,130,198,343,36,87,1093,95,6,49
130,488,71,95,1021,386,1308,1309
95,1446,641,6,4838,600,4168
3213,22,5529,3018,95,3689,4168
1497,146,2908,264,95,842,122,480
885,49,2171,136,95,67,209
1327,36,29,58,264,95,435
1537,1701,37,2607,36,95,391,1236
113,36,6,770,95,6,246
455,6505,135,36,175,1329,3315,289,95,7
1250,323,153,95,25,3520,130,172,35,36,37,705,389,27,516
187,62,158,482,187,137,95,330,2877
8969,107,95,356,470,6,2392,923
73,182,90,105,1276,95,679,2515,131,201,14,5437,2,1710,38,679,2515,5156,1774
1231,71,745,186,95,383,3596,2,745,186,567,206,1356,1218
112,55,5,543,147,533,0,95,291,1895,95,292
55,5,54,1203,160,95,75,6,49,130,6,505,59,449,490,6,77,59,449,490
131,528,37,3621,36,131,88,3424,43,837,95,892,29,889,95,892,1330,289,29,14,147
4147,233,496,3520,3197,496,3522,90,41,62,58,385,930,131,845,1276,95,499,95,2626,34,2307
36,95,73,160,1360,1312,359,36,1797,1633,135,3637,369
36,416,4543,95,242,2104,401,5874,245,3687,449,826,195,1936,6688,555
930,36,56,22,131,580,167,130,401,1996,5067,95,391
130,2606,3,3315,900,1792,923,748,489,3,1305,1351,95,356,61,449,580,600,130,177,1486
2,1199,757,85,2942,819,55,99,36,2354,1486,85,755,95
130,85,755,368,95,43,49,2444,36,90,373,439,37,435,105,151,467,151,41,222,37,49,85,1021,151
3587,1486,3052,738,580,763,95,454,95,146,291,454,2189,2189,146,291,1442,1442
3725,1,36,95,7,2444,36,455,92,1621,49,2107,294,435,215
29,22,131,110,37,3522,401,6698,6,167,6,2818,3073,3073,698,95,6,383,49
29,22,131,438,162,37,6,383,62,95,3522
29,36,41,95,6,49,22,131,29,36,20,343,20
29,22,131,29,592,36,57,143,202,105,151,467,137,151,95,151,467
29,6,1116,6,383,62,95,3522,137,840,31,31,418,41,36,416,879,37,876,878
29,2,85,137,175,1206,49,5,3522,418,41,36,416,85,95,29,2184
203,36,37,1100,666,95,391,743,459,368,3522
73,37,199,889,71,201,75,287,36,3302,201,95,291,6670
55,110,5576,733,95,111,110,5576,733,95,111,973,1047,287,36,201
186,36,95,78,1231
1231,71,745,186,95,383,3596,2,745,186,567,206,1356,1218
130,90,1035,37,151,95,29,306,360,108,130,36,416,140
31,266,3326,4589,41,1100,62,4593,41,2232,3522,825,95
6969,6890,6769,6753,6779,7110,7193,7209,6737,7210,7210,7117,5987,5990,6776,7211,6801
90,151,792,143,1802,95,1155,236,151
122,37,185,1,122,37,185,1,745,29,6208,95,75,75,49
6775,7281,7054,5987,6746,6763,6801,6757,6864,6848,6874,6776,6779,6746,7282,7283
745,302,87,73,37,2085,71,54,85,302,143,460,3424,1011,95,1655,85,701,460
745,29,107,90,7289,776,62,133,5451,95,75,6,49,177,792,49,7289,1409,5206,14,146
73,3684,29,73,745,7285,7286,2,2257,3823,73,3684,745,29,95,7287,7288
31,20,4193,34,7293,82,2209,2,1738,95,3326,2292
6,7,229,37,53,290,313,122,185,1627,95,1203,568,2,399,53,4,360,56,130,210,58
2,399,53,4,37,6,1218,54,62,95,85,1220,37,75,36,56,142,485,1200,761
263,122,56,5,4165,360,5,5941,1682,75,95,1737,6003,296,359
359,122,359,1215,359,4232,114,138,571,296,56,130,343,260,95,144,95,167
368,745,3,643,2571,639,639,167,7,638,5696,75,36,56,95,25,743,56
22,1234,30,33,446,745,29,95,151,70,71,131,2115
73,745,3745,87,37,2085,105,2,29,247,85,73,37,2085,2383,2547,71,638,95,1481,2127
745,302,87,73,37,2085,71,54,85,302,143,460,3424,1011,95,1655,85,701,460
55,5,3745,105,2541,107,1,2,373,3,5,201,95,7292,130,263,140,5,3,247,37,1,59,201,7300
202,41,65,133,116,202,95,837,7304,57,2098
83,207,57,201,95,41,65,34,3691,167,88,201,3684,3134
201,95,2028,229,833,7306,3326,22,20,558,85,538,85,252
142,49,2299,71,166,95,398,743,114,142,49
3134,1356,1390,567,2570,95,57,6041
83,632,1411,247,41,65,7310,95,41,228,680,1691,1197,57,62,49,2963,229
83,84,201,3238,116,71,201,95,34,167,29,83,1238,2,85,29,29,383,27,83,84,83,84,2407,167,6,439,399,893
6768,6826,6822,6861,6779,6862,6871,7063,7048,5994,5988,7064
6775,7047,6812,6759,6801,5987,6827,6854,6827,5986,5987,6900,5986,7048,6867,6740,6759,5984
6740,6768,6877,7046,6779,6862,6822,6861,6848
3,247,6208,95,75,49,792,143,201,95,7292
263,554,55,36,416,110,166,95,24
554,55,36,416,110,166,95,24
260,2614,95,49,95,25,95,574,95,575,95,576,95,2,160,391,95,435,95,304,95,6,1151,236
122,4195,34,4196,199,34,4197,889,71,6,2820,167,185,36,56,95,1,4194,746,2,140,36,56,136,167,75,36
698,698,6,95,75,391,2444,36
455,151,95,1100,95,6,43,3522,423,133,176,59,37,5068,830,37,343,4282,247,889
29,22,718,36,484,95,116,95,34,41,95,6,973,3762,820
54,58,262,1713,130,4527,1478,95,167,36,416
484,95,6,4852,95,3712,22,131,195,482,670,922,2548
22,1797,3092,95,144,169,95,1934,319
1243,425,372,4300,229,22,1243,85,62,95,769,538,36,1243,85,62,95,22,538,36
3587,43,315,67,383,3911,1,36,95,1372,49,1679,429,177,43
122,2583,50,5454,34,272,2,4527,37,167,1478,95,230
54,58,262,1713,130,4527,1478,95,167,36,416
5520,870,698,133,29,2817,95,2583
36,56,215,671,930,1187,95,1167,1693,2566,4147,95,5123
1534,4148,58,2444,36,22,264,2914,130,127,698,383,764,357,737,95,3845,6,769,538,130,181,1217,242,6,49
55,741,136,37,115,678,85,423,1092,6,2,484,95,1480,1601,402,6,988
455,151,95,228,429,37,2117,110,37,2237,1852,3827,10
130,219,974,409,75,24,6,436,407,95,49,975,407,976,503,977,95,975,407,95,976,85,115,503,95,34
795,1270,974,95,1271,1272,991,410,115,88,95,1273
399,95,400,37,1,2,29,95,400,446,2,558,110,653
85,271,78,95,34,34,85,271,95,78,105,843,271
95,156,147,506,407,266,506,271,271,85,271,95,156,506,20
130,885,133,1,127,14,736,736,14,886,886,14,887,887,1,888,500,264,137,5,176,2,459,36,56,143
110,37,1,0,95,166,95,386,525,37,452,95,151,29,526,14,146
114,717,515,736,95,555,36,56,736,718,737,95,555,36,56,515,242
296,89,22,22,34,95,391,2,77,36,78,74,58,22,92,95,49
419,37,217,2,140,36,143,1168,1169,1170,1171,6,74,944,331,95,1172,27,162,37
95,2,1375,143,346,34,7,243,1376,226,10,1377,95,2,85,492,37,346,34,7
29,130,62,36,56,5,49,2,198,62,172,76,74,37,705,95,25,707,37,706,95,25,708
85,264,506,20,105,6,485,6,639,6,843,2,210,95,156,147,506,407,95,156,266,506,264,1
399,95,527,482,500
600,601,242,37,602,2,85,108,85,108,78,296,108,130,85,95,603,87,375,435,130,95,6,604,156,36,375,435
85,418,58,85,419,130,373,36,56,364,424,484,485,78,95,34,95,486,95,487,470
110,110,95,41,2,459,36,56,143,215,123,110,95,41,85,86,74,95,105,820,2,85,123,131
29,2,1187,36,95,145,37,89,37,356,1187,36,95,429,37,162,37,1188,95,391,2,198,62,172,76
399,95,527,482,500
85,242,95,49,737,243
85,29,58,56,483,95,75
160,37,147,5,500,144,84,758,37,401,271,37,990,95,1,2,85,997,144,37,105,95,1,2,600,37,301,467,392,189,215
525,452,95,151,29,526,14,146
293,736,85,242,95,49,737,243
666,666,242,87,899,95,78
1247,693,1248,1249,1250,1251,1252,95,1253,1254,95,699
74,36,56,37,6,1203,0,95,217,95,470,2,220
29,1,0,2,373,35,22,95,166
130,160,269,95,217,232,6,1,189
135,37,30,31,10,85,606,1045,95,1067,85,606,95,237
1103,55,1398,36,716,727,95,1399,95,6,22,14,1400,716
85,154,58,85,122,5,85,584,146,95,85,755,85,756,95
39,36,1135,189,95,1155,95,1156,2,85,86,1139,236,237,27,1157
95,156,53,2,890,95,127,2,55,58,114,85,290,133,1,2,397,58,291,292
293,37,736,85,242,95,49,737,243
95,356,373,35,55,266,144,464,58
29,92,2,95,111,617,49,2,262,331
271,172,4,360,36,49,50,95,156,36
95,1,2,85,1004,37,603,243,24,160,161,2,1005,95,37,1006,34,1007,1008,1009,1010
22,74,854,85,62,95,414,130,845,131,5,131,88,37,386,85,260,95,5,36,29,143,843
1116,36,56,6,246,151,152,573,152,304,152,391,1012,130,142,36,1187,95,113,2,1187,95,78
429,429,37,6,176,2,419,172,383,2,208,76,37,37,56,95,25,168,95,714,262,6,436,715
85,242,95,862,552,22,242,95,863,603,864,130,865,160,49,161,296,501,37,22,160,49,161,6,22,389
428,143,22,37,92,37,49,130,429,429,430,95,49,2,208,229,37,9,172,76,85,431,22,95,130,162,162
307,2,95,308,148,280,27,25,479,131,323
232,58,387,738,37,663,6,22,95,391
130,160,252,95,217,74,36,56,151,949,950
130,29,105,843,127,917,271,968,37,95,436
986,114,58,95,30,410,987,2,756,143
399,95,401,37,6,1,53,54,52,145
1276,2307,6508,43,95,2957,135,95,24,5528
208,264,95,482,78,22,757,37,34,552,105,95,401,20,1738,37,2418,34,497,95,830,2301,130,123,131
55,135,140,37,147,33,135,84,6562,224,95,989,95,25
55,5,78,114,58,1,59,444,133,147,33,135,153,95,25,224,95,989,373,6562
94,34,7,114,189,146,36,202,36,37,6485,41,50,95,7,95,130,114,37,189,146,36
206,115,37,2,114,6055,37,889,2,29,58,62,95,6587,95,167,3781,1178,39,37,156,763,37,144,562,181
524,6571,27,336,182,264,336,182,1361,320,500,144,147,527,61,247,321,110,95,1400,137,5,111,25,2,95,75,2316
131,62,27,6577,1679,3197,219,1146,95,294,36,29,1960,2,95,454,985,2,392,181,165,6114,95,151
3265,2418,95,7,266,31
264,34,7,869,180,95,4237
135,135,436,1988,95,41,55,533,1738,95
1106,167,4527,386,271,1108,95,3809,509
2119,95,1155,260,105,954,37,552,6582,111,281,600,290,460,95
6586,6571,37,147,1235,346,2,482,762,95,1446,95,20,291,20,292
264,95,830,4237,227,95,37,482,182,37,3483,757,37,2453,600,271
110,58,830,2301,919,95,111,25,1147,37,6,2,229,95,24,397,2418
55,6571,5,1176,202,151,355,37,1143,37,1235,2,482,762,95,2385,95
29,137,5104,95,555,92,137,287,36,5104,555,6569,301,73,638,95,75,49
115,6580,1960,931,1689,143,55,5,1679,95,6571,919,43,1320,3089,95,454,2352
55,1679,95,6571,2205,2557,55,160,98,98,1700,131,85,108,130,36,290,95
1601,105,144,869,90,556,555,830,559,2,95,423,37,1853,1461,137,95,555,528
131,142,133,561,2,175,710,55,1,753,58,5,41,55,3253,160,95,6,201,95
29,130,1491,34,7,5,36,95,1787,1482
29,95,294,36,121,37,7,160,252,74,36,151,37,6483,41,2260,6484,151,95,6483
62,922,552,34,5831,736,110,95,2418,123,2,757,37,95,830,2301,2,202,37,151,757,37,123
90,373,1183,37,6529,984,850,187,1250,29,95,6529,87,95,6,49,2614,108,130,930,151,37,7,2,3
423,170,6,167,105,6557,135,38,2418,110,95,5835,3539,95,37,5835,181,271,170,6,105,2282,2301,97,105,301
55,6571,271,386,247,1679,455,460,638,482,95,5802,95,6,167,2,143,29,271,2,271,917,57,2,271,389
637,301,20,4734,680,95,111,2418,1152,37,1766
264,2418,6,167,2,247,182,919,95,2301,30,111
55,58,613,844,37,6548,37,1278,113,135,1802,95,436
55,58,612,844,37,575,724,56,105,135,1802,95,436
39,37,1156,95,1447,1058,71,153,43,4947,1281,6576
55,5,264,135,177,112,115,95,499,264,105,135,176
62,41,174,463,174,41,1372,5631,95,243,4399,1793,241,85,115
55,58,533,844,37,2928,2,143,502,56,105,135,1802,95,436
114,58,6486,763,58,147,156,6488,334,211,37,262,2957,95,1447,291
29,58,30,34,266,34,34,1276,95,552,2626,121,37,7,267,31
115,6569,37,822,776,37,2021,137,95,623,36,885,114,6569,301,73
2418,111,2,247,2732,201,994,500,144,147,111,2732,95,6,2,509,39
135,151,34,7,135,629,95,6239,41,1372,27,2,423,37,6239,41,1372
29,433,5770,151,5,156,266,117,105,6,329,167,2884,95,1155,245,243
264,670,869,839,320,482,160,135,24,90,301,2453,638,994,482,151,95,3625
6484,151,1482,95,7,75,1482,114,58,34,7,37,6526,2,25,37,2413,37,4035
528,555,36,56,95,111,3904,59,2092,115,37,1853,1461,137,717,436,559,2,423
2282,1726,29,346,144,465,172,6,105,301,6,830,144,1023,644,137,95,979,2282
29,95,5833,294,36,229,37,309,37,339,229,37,5210,309,5210,309,229,34,272
137,180,5811,1100,95,356,260,176,131,6572,27,22,59,90,38,5811
1601,5831,131,6528,6,167,2,175,180,95,6530,269,1482,29,58,228,714,713,2328
43,7,44,496,6560,496,6,144,2,95,151,280,266,117,31,1465,85,1021,83,84
485,485,78,742,55,36,2,2002,95,25,95,714,4527,941,3055,446,5,752
130,1878,243,95,1214,1249,95,1505,1878,294,95,82,705,95,5226
95,2912,2460,95,509,3583,95,612,1208
55,85,130,95,679,465,95,356,465,95,3554,1276,95,356,1010,220
95,356,5145,114,3171,95,148,3096,88
698,5247,5057,95,530,1023,95,5248,93,22,484
167,427,37,95,75,694,731,3322,2002,95,1459
3587,153,161,5056,95,679,2385,1178,95,680,130,57,95,1691,130,1449,233,85,1526,95,563,7,37,36,85,440
54,1330,1790,95,6,49,54,151,455,95,6,383
5190,95,1468,95,156,1468,6,5191,1468,2189,3132,177
792,95,156,55,90,792,59,95,308,290,485,639,948
5055,95,291,601,242,95,292,85,535,105,515,454,242
95,391,167,1833,4994,137,130,95,6,482,3905,310,5102
130,1231,36,95,6,383,641,95,6,416,299,74,2811
95,356,55,1526,133,1457,1444,138,1528,1351,95,3562,496,167
29,22,131,484,36,95,416,3809,3809,95,41,391,95,391
687,25,59,75,4794,4794,95,6,167,5256,5257,95,6,383
554,55,359,36,416,135,62,5,3306,59,95,4523,2,95,482
95,363,1184,95,363,739,156,431,1174,85,208,1464,1836,82,923
95,356,1203,242,49,2942,43,143,95,356,5239,43,49,302,1326,5069
186,95,167,281,422,74,151,85,110,58,770,95,511,502,944,233
95,25,319,88,110,1590,170,172,137,731,718
1594,913,95,531,143,187,1478,5063,95,1035,1035,109,37,168,168,1502,85,436
130,771,36,37,81,459,368,7,355,95,391,2570,125,95,4159,95,482,81
95,356,224,1444,3297,612,3452,5158,3901,44,3441,130,95,2198,95,1049,5159,638
39,199,38,356,271,968,95,118,436,29,968,95,436,27,868
420,37,552,666,1100,201,95,230,65,482,1102,201,95,230,228
29,58,230,307,2,95,308,148,280,144,2,346,148,6,327,95,3296
1982,199,605,638,95,75,49,75,653,36,27,868,131,511,7,137,647,95,111
29,2,62,95,6,1,113,2,3,36,56,5,356,62,36,95,37,6,1,189,27,162,37,95,391,113,54,2,74,58,36,56
206,1243,524,84,137,95,95,979
3536,67,6,2,95,151,3534,276
29,160,37,41,0,5,199,260,199,5,6,105,7,55,5,4922,105,252,135,175,134,110,37,237,95,1172,41,0,134,110,37,237,95,1172
229,199,6,7,247,4442,6234,180,95,174,95
62,199,6,167,252,247,95,95,243,6244,3192,638,143
54,422,1502,34,1100,1206
528,58,555,142,38,36,187,137,95,717,2021,187,114,95,718,1097,36,131,438
84,137,979,1416,985,436,1946,58,95,979
55,116,416,36,5,199,546,1067,95,237,130,176,2,198,201,95,743,131,114,199,356
264,95,2617,401,71,27,22,59,142,36,769,538,95,356,260,343,176,131,2328,4222,27,22,59
698,137,118,41,42,41,3522,41,2316,41,6232,41,4442,41,6234,207,6,269,180,95,4632,174,95
29,83,62,414,35,199,153,95,436,637,5,2413,2,2127,172,110,401,71,95,156,2413,27,1368,22,59
2,35,4,360,36,37,34,7,399,893,53,4,555,401,1076,2,85,1035,95,331,137,95,717,36,731,1097
926,34,1100,5,199,710,55,5,191,34,192,2371,198,108,37,1,2,3,36,5,4,105,56,95,1787,95,1787,28
37,41,2304,968,95,436,27,83,868,62,414,35,199,153,37,791,133,436,637,37,5,994,500,144,264,95,2617,401,71,27,22,59
55,36,5,199,264,58,514,59,198,638,95,75
399,172,95,401,37,853,53,4,2,399,75,34,7
137,230,67,6391,1520,6392,1520,5,148,2,95,75,6252
105,220,38,24,9,95,5077,500,1023,38,2,160,220,38
142,6390,1403,351,414,95,230,6393,160,5,6394,137,6395
95,59,29,3037,393,95,0,1631,146
8665,944,1836,151,8640,137,95,1172,3134,460,74,359,151,85,86,264
113,972,130,88,944,2195
681,243,95,111,55,4053
54,142,5,393,95,356,2193
543,3199,435,380,972,95,843
95,1172,220,4157,85,355,58
95,25,3520,6003,3730,135,143
666,36,55,386,95,356,2193,58
5349,243,153,146,95,3077,496,167
3328,95,236,6,229,24,3983,1802,111,95,496,3522,54,144,55,766,3765,3905,6,49
3554,29,220,795,92,95,25,2612,10,919,58
1631,8694,953,85,126,1017,8695,1841,95,1368,3187,29,436
268,485,496,3520,85,94,998,484,485,496,1732,998,95,639
29,1328,111,217,4344,130,36,5520,95,93,1836,5959,135,950,75,1328
151,991,1328,95,6,3900,130,73,383,62,1737,2,35,85,62,510,58
62,6,1218,75,1054,58,2,1054,58,95,6,1836,130,57,5207,393,4917
43,49,1735,511,496,3520,137,647,95,111,211,2740,153,49,111,993,3522
589,3901,146,1473,2359,737,49,2001,95,3077,496,167,2598,4311,1280,765,310
746,1792,58,489,8429,85,998,95,485,142,1233,1792,58,3725,489,8670
224,224,182,3901,95,895,177,58,1351,6,458,6,467,1809,143,29,58,217
843,210,3522,95,356,2991,29,6,502,965,130,73,1022,170,84,1490,142,1917
528,95,3065,1209,1788
501,501,4171,95,386
686,95,156,6,217
537,538,36,4558,39,95,2,140,151,95,653,271,172,75,56
34,4515,3226,1102,4608,8361,34,4515,95,151,4515,3214,95,151,41
137,717,36,95,555,717,694,869,868,6,399,53,36,2,35,95,7
6,34,130,57,34,74,58,36,459,4555,34,43,95,892,3326,36,95,7
7794,34,7794,4607,8362,4524,7887,8314,314,95,151,78,7794,2157,3214,95,2571,2306,36
6,0,95,151,78,2607,482,36,7556,3593,2157,1087,482,56,95,151,41,4515,7794,5649
1478,36,37,4555,462,146,6,7,74,95,3424,3326,2,85,29,95,6,41,75,95,7
642,34,2002,95,555,717,95,555,1868,6,493,743,743,948,95,7,6,2,35,4,360,56
4452,34,7874,34,8092,34,1563,123,482,78,1578,95,493,1087,232,3625,158,78,95,269,36,232,709
339,638,95,3601,62,247,1679,95,1548,252,85,1356,130,1330,140,5802,1679,55,111,638,5,670,1548
88,3601,37,146,73,37,287,36,201,14,49,14,92,763,3303,151,455,95,3522,638,3601,511,756,2740,95,75
133,2314,95,212,95,6,212,743,95,1993,826,615,2040,1866
247,6,3326,365,83,2,229,95,95,7,95,6,357,49
1,3601,41,446,704,90,399,95,1,3496,4764,95,1,4676,746,95,1,1104,3614
130,5224,151,34,642,1087,482,36,95,276,95,4072,95,2993,6,743,246,1087,482,56
459,36,56,7,143,6,482,78,29,41,95,7,516,130,1100,459,3984,482,1100,482,78,34,78,143,1396,1738,95,6,7
3601,34,4802,1738,95,6,7
4,105,56,34,260,95,109,663
663,4387,95,1117,482,56,1117,743
8340,34,1489,34,4,3984,95,1117
95,787,8401,2734,95,2307,8354,8402
95,532,1554,8395,95,532,1117,826,6222,8396
536,482,56,867,130,95,677,207,95,5225,869,869
95,533,3617,2,64,2710,8397,95,1117,615,8118
95,618,1486,5380,8398,8399,95,618,2328,3227,34,8400
55,77,58,77,58,418,7,95,111,1591
544,186,95,360,74,37,2768,482,116,2745,37,37,116,2767
88,146,73,90,266,105,1201,95,73,2384,219,994,158,418,49
638,79,95,75,2055,55,393,34,117,31,425,187,2382,496,332,31,425
62,22,5,146,55,36,56,670,79,187,749,366,1146,24,2,373,135,95
29,2,73,81,37,2562,496,2474,123,503,37,580,2474,123,503,926,81,2560,37,401,95,156,1483,690,37,580,2474,123,503
112,143,545,22,542,130,62,95,854,75,6,2,177,2585,2586,776,2587,775,505,131,175
34,81,62,95,940,305,144,2,969,1113
675,386,2582,496,81,458,37,990,3,95,393,990
1201,81,557,95,1441,84,2655,1441,2562,27,22
1994,1093,6,939,544,246,2767,818,242,37,133,1994,95,111
55,544,5,1102,748,747,2771,177,37,745,122,95,55,122,748,2771,37
198,29,95,482,95,156,1518,6,167,293,892,1478,133
55,544,5,1102,73,74,37,95,6,49,161
260,544,343,1102,2792,74,58,37,2793,496,2794,889,2795,301,160,1102,95,49,161
1168,29,95,6,75,49,839,1102,37,6,2,143,240,161,202,1168,49,161
88,37,2798,95,499,135,172
705,78,1781,95,705,1469,27,2123,714,516,29,111,1102,1157,1407,123
263,138,136,373,2821,37,37,204,1351,37,3,95,393
638,36,56,2118,95,435,2119,115,20,1880,1023,515,262
29,2184,95,49,30,22,30,182
35,95,544,105,140,37,37,301,37,6,2,58
37,261,25,26,27,2336,2,95,10
130,701,701,36,644,6,1677,482,2418,95,1,2382,301,79
842,1,233,146,79,95,1787,34
110,360,37,151,262,1447,79,670,77,58,95,1,59
62,5,176,2,55,58,56,528,172,79,37,555,1946,37,436,2442,37,80,34,110,37,95,555,462,436
1601,79,869,115,603,2427,243,74,5,2373,110,95,1664,37,1464,140,135,1847,10,1483,2428
34,2453,2,79,74,79,882,140,95,80,34,368,380,1403,5,49,1403
263,187,749,114,488,761,175,670,397,58,187,85,397,58,60,95,291,407,95,292
445,105,176,301,55,1113,84,130,136,55,301,387,757,105,176,95,2452,130,113,1154,84
2302,172,141,1483,483,85,1389,95,260,343,2526,55,130,263,739,36,58,1208,49
260,37,2529,95,356,343,144,1483,2428,27,22,59
112,80,78,55,5,90,2544,49,29,1635,1250,92,2551
95,763,375,37,123,419,29,2,2552,2051,944,95,1172
73,231,130,99,80,37,81,140,37,2508,2260,115,58,172,301,99,37,35,95,55,85,115,301,496,1372
34,81,62,95,940,305,144,2,969,1113
1982,81,605,110,2740,1397,2064,95,34,22,57
29,2,62,1102,5,123,2732,37,1102,37,1948,37,1948,2725,2,95
38,160,123,2,95,151,1861,260,343,2674
420,95,182,131,360,39,220,27,2346,2,292,2347
271,2289,95,75,2287,78,49,2290,2291,2292
29,22,1015,90,105,62,133,269,247,1548,1047,1982,391,95,111,29,62,5,3601,638,49,418
55,1176,397,58,219,1079,25,4617,90,1548,2385,95,4179,90,680,830,1691,675
220,4637,38,4628,85,455,135,95,291,95,292,38,4628
263,698,37,329,167,180,95,144,298,387,298,745,37,144,260,343,95
85,3,4646,247,4644,189,27,113,130,470,4646,37,4644,95,1,2,600,37,2753,1113
4646,1481,135,5,3250,34,3147,41,4647,2064,95,34,6,22
55,5,3601,736,95,111,130,156,112,143,55,373,271,37,2941,36
1177,58,95,123,4616,2894,58,233,885,2566,58,2566,301
62,105,1100,1988,172,37,3601,41,95,482,1100,397,3601,55,105,4627,309,2,658,37,1548
764,34,1103,38,4628,29,1660,20,201,95,111,714,20
537,3601,95,2,1454,36,2763,4690,260,176,131,4696,27,22,59
140,4711,37,4377,34,5,41,3601,445,58,289,99,95,2,174,4706,39,130,105,252,4711,29,4706,151,29,212,241,212,594,212,617
122,301,4476,130,271,4476,105,2460,95,830
95,1948,2725,130,356,973,496,41,993,1947,160,37,664,1017,3757,320,38
108,4633,34,4634,130,393,41,95,4646
1601,4646,201,95,151,24,500,29,6,105,2,29,58,103,62,5,41,127,260,4646,5,55,1353,59,144,198,55,20,109,7,360
55,4646,363,110,121,49,95,62,6,105,2,29,58,103,127,1055
471,62,22,1802,247,135,745,135,95,2,745,135,142,142,37,123,247,488,761
62,4633,5,41,397,58,260,5,4646,62,5,41,418,58,95,538,49,75,41,1518,41,4646
3601,229,567,111,90,4718,1176,4670,219,4357,499,1997,95,117,603,117,4771,117,2198,4772,826
62,95,131,1083,3243,151,1134,37,465,6,167,2,175,39,37,41,87
29,38,135,137,1483,135,397,41,3601,55,5,3601,264,229,703,37,243,130,1069,1790,95,4760
35,41,37,4633,37,4636,37,4763,55,2639,58,1176,4646,6,167,122,35,41,37,6,116,95,1,4646
29,4353,22,131,1445,6,167,130,122,167,22,131,55,2175,41,95,34
285,41,137,95,4316,500,224,554,55,135,34,4646,34,34,4646,363,74,271,745,262,4646,34,34
112,6,105,1100,95,105,7,130,384,41,5,514,59,537,58,95,1,59,242,242,133,41,187,88,88,58
62,825,95,4806,482,4725,737,3656,5,144,201,4808,6,167,2,175,4633,402,638,318
85,356,1,130,105,25,1412,4800,34,4801,343,88,151,41,3601,74,37,87,135,95,144,55,301,5,4633,90,111,637,5,644,318
4810,95,935,4324,34,4713,501
29,1168,22,3601,266,31,31,38,31,438,3601,37,75,36,55,36,5,1548,5,482,736,95,2,271,37,4814
135,3,5,3601,554,55,36,266,373,4913,95,459,58,20,133,114,58
1091,4914,73,37,41,37,360,229,95,160,4914,418,41,538,49
528,172,3601,555,36,137,717,1097,1593,36,49,701,1614,95,7
202,1,41,5,4633,95,116,353,160,4633,116,353,75,41,484,37,167,37,7
4646,2,1988,95,271,252,263,514,208,1693,142,37,41
115,37,4646,637,37,911,5,4776,71,1201,95,2617,401,71,233,6,7,465,105,158
29,38,135,137,1483,135,397,41,3601,55,5,3601,264,229,703,37,243,130,1069,1790,95,4760
55,58,3601,187,229,175,29,95,102
29,3601,62,27,111,2,418,172,56,90,219,4768,4769,1982,1948,391,95,111
55,58,4408,524,95,1590,1220,62,78,73,55,5,62,366,2753,1113,4662,603,114,146,37,4749,296,2,73,242,151
37,2436,570,30,572,2,114,37,1,59,95,2,85,755
90,39,236,5,1793,2,114,95,736,2,29,346
737,95,3845,181,2882,589,24,111,74,2444,359,36
3851,37,2108,95,181,2882,1627,346
114,0,58,996,38,383,95,2,969,1205
185,2380,3886,143,5,105,93,435,62,3887,10,74,2472,5,151,3761,1094,95,111
2091,95,111,1067,237,85,2460,85,224,3136,485,3903,105,5,123
496,509,763,757,74,95,3655,737,95,3656,264,95,3877
122,95,185,1491,1746,137,647,95,111,2398,3975
88,5,3976,3577,3977,95,363,3537,3978,346,67
140,143,1125,736,1017,638,940,346,763,95,536,108,130,745,36
93,485,1077,3922,281,1737,160,181,346,84,242,74,2398,95,49,146,6,73
636,143,236,1152,1694,58,6,1400,2385,95,558,201,58,6,1397
73,37,763,62,95,49,1633,1797,1791,37,167
55,385,375,375,131,1178,95,545,114,1077,6,545,85,501,1077,2,114,143,271
1112,580,6,25,95,6,714,168,95,6,75,49,432,580,177,440,177,438
264,95,1486,20,1486,37,37,360,3601,131,1486,37,131,29,58,1486
194,29,58,2130,516,4047,37,34,7,95,151,763,83,1347,83,485,632
1534,3214,95,391,7,55,25,714,3675,370,554,55,359,36,90,1217,641,3,194,3786,383,88
930,37,6,2945,260,5,574,89,37,85,74,95,1168
55,5,34,435,201,95,237,3,37
29,185,95,2095,2,95,111,201,444,410
90,74,95,1960,85,1011,1244,5,1244,27,589,22,938
55,25,7,122,1,359,36,554,55,359,36,25,714,3675,370,90,745,62,95,763,429,1277
763,136,763,62,95,2444,359,36
991,37,1939,95,636,3726,62,37,2232,49,2292,37,85,73,172,271
34,435,105,0,137,1205,95,393,3056,485,74,1687,75,440,440,58
229,95,73,3754,736,55,58,736,375,55,58,736,375
991,95,1939,636,3726,62,2232,121,175,172,2948,2,1375,143
380,745,2444,359,36,187,85,151,362,454,455,641,737,1738,95
34,435,482,7,43,95,391,969,37,24,988,2945,2991,29,24,75
1611,95,243,733,2648,6,2945,6,1205,2648,37
930,37,6,2945,260,5,574,89,37,85,74,95,1168
3214,2,35,62,143,294,375,201,95,237,353,71,233,233
360,3601,41,95,1486,20,29,6,127,135,519,232,114,37
34,435,110,75,5,4055,49,2208,1770,111,2212,2211,3214,95
554,55,359,36,198,131,2,3,22,3719,151,360,746,7,3214,22,207,31,62,37,95
142,4060,137,1923,228,62,95,25,7
29,22,131,22,62,4055,95,391,7,2444,359,36,137,641,538
1217,181,2882,3,187,85,22,131,29,3519,71,95,391,7
105,694,464,229,49,658,37,229,37,1116,95,75,49,2648,448,552,33,760
535,95,1886,679,680,671,6,105,252,2444,359,36
2085,56,62,5,49,7,355,5,25,319,233,95,4065,144,65
54,53,482,95,111,25,6,230,536,536,743,743,90,54,53,482
134,75,36,637,889,95,348,137,37,717,36
774,20,133,580,133,117,2311,7,2021,717,1097,948,95,2444,359,36
1,3513,2,29,3514,3515,2,1792,95,7,22,3516,41,1100,22,3517,34,3518,41,7,31,75,3519
39,482,2199,95,482,2198,429,482,925,3566,482,57,2444,36
690,37,1407,826,95,746,35,55,85,3214
77,359,36,743,130,90,22,62,95,88,37,3567,442,3568,3569
638,85,94,264,993,7,1294,95,391,177,264
122,37,1,59,2,373,88,95,3577,482,7
2,465,105,75,3318,1520,3588,62,482,1446,151,95,2023,2897,619
290,95,2380,2607,3592,3593,85,122
3600,95,156,3593,3601,257,58,212,2607
130,90,264,95,482,7,2444,36,56,416,383,1501,37,62,3247,27,148,11
140,3613,889,2303,5,3517,41,7,55,525,95,3513,215,482,7,85,86,49,2821,37,6,1
130,554,55,3513,763,271,3517,7,998,998,95,391
90,146,359,36,357,2313,162,37,95,75,391,834,130,85,162,162,37,482,81,2444,36
95,1047,1038,455,711,6,555,826,3548,245,482,56
130,90,2107,25,447,294,397,435,543,3575,114,2405,3576,193,95,1277,49,36,56,416,343
1351,36,95,54,85,29,55,36
1351,36,95,54,170,84,85,29,55,359,36
245,1936,826,695,615,1988,85,1220,95,3077,1102
423,43,3534,1782,109,3535,142,151,95,3536,429,2820,1679,55,359,36
22,207,43,41,7293,95,892,3326,2,7285,7286
7392,1382,177,7393,130,356,1621,41,95,6,4508,482,114,1405,105,105
38,1,0,2185,641,41,7293,501,37,7394,37,2,114,37,2,4053,95
85,397,7416,37,167,37,2290,130,7414,35,95,2,85,397
438,1,439,968,147,95,436,399,893,1,22,75,41
55,41,363,276,7425,62,276,482,41,3718,55,41,968,37,7414,95,436,2,762,58
160,7425,22,131,880,113,393,73,7425,37,7414,500,41,85,264,85,4153,133,195,7425,95,7414,641
439,399,2,397,7414,95,7423,7424,147,2744,41,232,3625,2,438,140,151,41,7293
62,2889,3326,2,973,143,41,679,2,1276,95,41,2,74,7402,3326,111
94,7416,3,75,41,638,75,237,224,358,58,229,37,1218,7425,7427,37,2082,2,257,95,4474
6,116,3823,7431,3862,114,495,2,41,88,37,4474,130,638,282,7414,95
130,7425,34,7426,7427,1851,6,4474,257,95,4474,429,638,7429,131,3039,270,429
2,74,41,4474,2,6,144,144,390,201,95,386,162,757,429,37,6,353,167,3823,251,37,204,301,306,305
95,356,4474,322,43,144,4057,114,37,22,30,21,33,7430,1167,2400,22,113,5098,2014,105,467
110,41,7293,935,95,49,2221,67
6,3823,3823,6,144,144,176,2,1,41,1382,792,1167,5100,4474,2400,22,113,57,167,49,7450,130,638,282,4474,95
208,399,95,4474,113,146,343,41,1343,1879,41,130,3731,2,399,343,41,1343,1879,41,177,142
290,41,37,1879,2,229,7425,74,7414,110,7416,37,7414,95,482,7425
41,264,641,2400,826,5,3322,7385,7425,201,438,95,386,7416,5701,130,73,130,589,5,1218,175,41
29,22,1015,973,7416,3326,201,276,482,41,3697,1687,482,41,41,43,95,892,3326,482,3326,1687,994,482
229,7414,114,6,2,35,95,7416
290,41,37,1879,95,151,74,7425,34,7426,7427,1851,4474
29,2,122,8706,130,164,528,37,318,537,58,427,89,4533,95,4474
29,2,62,4474,43,711,55,58,1904,98,6,176,2,142,95
55,5,5391,5,3863,5,329,167,495,89,1500,164,1263,95,318,754,105,123
8738,393,95,1389,175,5391,37,3863,55,58,8739,105,123,208,832,74,95,1387,71
4474,3863,117,118,105,62,5,133,383,2,536,95,1886
140,95,287,55,495,71,745,114,85,86,153,514,1325,495,2,444,153,5
126,90,85,56,140,130,7800,3,95,6677,8706,1005
170,22,207,89,5391,1100,7462,135,95,6677,2,6677,62,5
160,167,62,114,58,878,105,95,979,276,276,482,56,765,500,243,765,500,1412
22,1234,30,33,59,698,34,7,4740,2740,391,95
55,363,2305,55,373,9167,497,991,410,95,497,130,914,198
947,1165,110,605,95,153,850,138,108,105,27,589,242,245
55,439,1036,146,670,130,1351,130,3,95,393,1198,373,85,29,20,1198
638,95,75,418,49,55,5,1465,439,1036,146,126,373,820
112,1176,1201,95,1048,55,990,259,84,142,247,9163,509,50
135,147,27,62,2659,29,62,2659,591,6,144,95,55,54,9163
55,439,1036,146,670,130,1351,130,3,95,393,1198,373,85,29,20,1198
55,7907,22,1199,509,151,9163,175,9167,259,301,271,1199,264,343,271,95,422
55,7907,1176,1201,95,1048,363,990,54
464,82,7,6,34,1236,201,2571,95,639,485,78
264,95,7292,260,893,53,36,56,1972,22,1972,2571,418,36,56
73,37,864,78,161,37,2396,122,95,67,209
95,25,1378,153,3,247,92,74,58,127,540,53,761,372,377,113
198,770,57,85,738,10,37,1235,183,85,290,95,22,1275,24,37,1235,181,182,1682,58,37,24,2,135,143
603,3097,2021,694,717,694,491,33,870,743,639,948,95,7,6,493,482,56
95,500,146,1195,137,95,1804,144,3601,4075,318,95,482,3601,27,500,243,351
130,85,1004,37,34,7,603,243,1005,95,37,1006,1010,1011,56,706,705
1389,175,3863,55,1465,738,482,56,764,201,95,7292
55,663,2,29,2648,62,232,500,492,37,22,491,170,54,501,58,56,584,95,93,488
35,37,5740,123,37,6063,116,7286,95,3522,130,131,105,761,136,37,56,57
1646,37,34,618,75,36,134,34,642,889,37,736,1611,37,736,95,555,536,2,994,158,870
74,34,642,889,181,95,555,1946,436,95,181
1646,37,95,1447,555,228,75,36,1611,34,642,889,37,736,95,555,536
1446,37,151,95,111,1646,37,75,158,870,1611,34,642,37,736,95,555,536
62,37,1853,5,994,158,870,75,36,1446,37,151,95,111,1853,1646,37,1853,75,36
37,6,1283,1853,639,168,133,37,1283,756,95,215,37,6,1283,2,95,215
115,889,736,639,631,74,95,1409,555,717,37,736,737,5,1999,555,717
29,130,2942,20,0,2571,2,210,95
62,37,2518,36,95,639,2,210,408,133,580,2947,407,2944,776,639,948,95,889,639
2010,736,639,95,2023,555,302,736,2925,5,1999,555,639,131
181,694,1307,95,555,85,2958
6,2021,2,1668,1592,6,114,2934,95,2932,889,134,37,58,29
74,95,37,1948,211,37,1951,973,37,37,1947,74,95,37,1872,211,37,1952,1872,1995,58,143
110,95,37,1873,74,5,1873,37,1392,37,1391
110,37,1950,95,111,110,95,1950,5,12,75,37,1985,594,1996,743,2,35,36,37,4
2010,133,95,555,552,98,1988,37,555,37,6,212,37,2027,37,2028,492
1878,615,1867,95,111,642,1988,37,492
926,37,1853,639,1446,642,34,37,151,95,111,1853,639
74,37,6,95,236,642,95,236,34,1035,37,2012,75,36
947,37,215,37,1651,2002,95,717,555
110,37,1283,95,2013,2002,1283,555
3,5,34,7,55,54,590,2,242,6,304,2,95,49
6,817,818,135,95,30,2967,131,58
35,889,1646,37,409,20,5,212,2961,95,243,380
37,409,380,115,37,37,436,3024,37,1861,1164,37,1661,1428,37,37,409,380,736,409,1646,95,243,380
115,889,736,2518,74,889,95,2007,480,2648,2008,95,2009,151,2008,95,2009,237,2008
115,889,3026,615,1878,95,236,889,3027
1116,615,2,95,236,889,74,95,111,2648,948,95,889,75,36
74,889,133,615,2,95,236,95,2007,480,2648,2008,95,2009,151,2008,95,2009,237,2008,95,176,736,2518
6,3035,2,1276,95,520,969
1948,87,743,973,1989,87,29,95,515,1951,87,211,1950,87,3038,1047,743,207,947,243,37,515,973
115,736,1853,2010,631,95,75,1881,1403,75,1881,2010,552,98,133,736,631
130,22,59,948,95,2648,37,6,639,75,36,2648
95,356,55,34,7,6,386,133,85,242,736,125,898,346,85,242,736
301,5,1113,85,115,1851,998,1022,95,389
85,242,95,736,85,903,85,902
95,6,386,271,85,62,78,503,85,969
232,37,677,85,88,95,843,271,143,130,281,745,36,492
134,95,603,552,1645,909,34,31,1853,34,618,20,1285,147,29,717,36,2021,2020,894,1531,2006,36
95,1895,733,1946,37,1901,75,36,694
110,37,147,3097,314,3097,95,1886,733,75,36
114,37,519,37,127,232,114,37,43,95,49,727
74,49,152,242,1032,43,727,95
187,27,0,85,122,58,94,457,37,552,95,639
62,95,763,1365,1344,398,698,5,144,140,1125,346,74,151,217
187,27,0,85,122,58,94,457,37,552,95,639
6,22,3127,1325,37,2,85,1325,491,43,95
187,914,914,105,719,2869,94,95
140,5,116,118,118,137,5,90,43,95,111,25,3,5,105,56,41,3,153
329,1,4325,2,114,85,206,399,95,893,1,22,41,7
118,105,34,746,135,201,1195,754,147,201,95,9
160,34,746,2,2303,5,4326,55,5,108,130,22,36,115,37,670,95,111,55,170,745,108,4327
168,37,2511,4321,2,638,95,142,201,95,308,9
115,37,2511,4321,2,638,95,39,37,243,55,2391,36,56,4321,258,131,39,37,243,1828,2367,2367,229,4326
73,34,746,2,1371,1195,55,355,294,4321,95,4326,62,219,418,58,49
4323,34,4313,1738,95,7,3558,31,267,1751,4324,41,1100,1738,147,1751,31
55,4324,177,481,746,36,440,37,36,37,112,20,360,41,7,55,481,4326,34,3227,2,1878,243,95,151,4321
1601,869,414,1379,95,243,73,50,1195,37,243,2515,736
62,1023,320,644,644,34,1878,95,6,212,0,2463,61
55,5,105,90,366,108,130,105,56,563,131,229,95,694
62,4326,482,90,1176,271,524,95,1591
62,638,95,237,418,49,88,37,34,160
140,172,679,680,353,1508,62,182,3065,95,144
29,38,356,764,3529,41,2260,37,6,269,137,825,95,3558
112,1690,2,41,2385,95,151,37,105,56,55,90,36,114,2183,92,29,1,59,55,90,73,146,172,85,242
55,3527,130,543,360,1028,130,114,1,71,59,55,4326,73,36,37,41,95,2260
22,3571,1732,262,151,1100,1738,95,41
31,20,1751,31,4377,34,4313,1738,4314,95,1100
73,113,540,34,670,110,95,892,78,174,95,482,670
140,2,95,482,2,95,144,511,178,5,4209,55,360,164,6,2,55,5,114,85,1738,105,113,146,114
29,869,160,201,55,5,6,167,385,208,90,745,525,95,670,757,363,39,37,6,0
108,2067,130,85,638,1,36,49,2,3,36,95,482,4313,36,114,37,2,3,151,360,4321
55,2,95,4412,160,2889,6,419,830,160,58,3762
22,2,1738,4209,95,7,1234,267,31,3558
29,175,482,36,2127,314,31,4415,1738,95,49
3065,95,41,536,105,212,151,62,5,4421,271,29,175,41,160,62
3630,531,401,1199,436,401,4426,202,37,3937,482,36,6,2,160,95,482,4039
85,257,37,105,2,74,37,241,95,151,74,114,495,130,1256,207,114
55,41,7,1276,151,95,2202,1276,151,110,4326,151,95,151,41
88,37,95,679,658,3522,247,78,144,3601
525,95,3854,3522,465,4442,140,38,4442,271,172
135,172,439,37,4408,34,4409,219,99,55,5,749,175,166,540,2,166,247,166,55,4408,749,749,74,37,151,74,151,137,5,5,1698
731,2002,1277,95,714,262,6,436,715
95,137,4481,41,2117,29,58,1366,360,142,58,2021
137,41,2117,6,49,137,3558,825,95,266,31
30,1751,31,41,4502,137,4505,41,2117,95,6,144,1100,169,636
142,4509,439,37,41,2117,174,95,3461,130,122,130,61,4442
55,4524,115,4548,613,115,110,95,1135,375
741,85,257,175,241,74,95,151,130,1256,207,114
554,55,36,90,62,1218,5,176,59,95,43,37,6,1,893,2,260,41,1100
37,1277,2,95,75,3522,2,291,25,1655,2,528,4555,41,7,4583,1204,324,3291,1204,50,4584,596,34,272,969,41
731,37,6,889,1277,2,172,95,555,562,37,1368,435,95,142,3522
741,95,156,36,29,1100,290,95,75,639,339,6,2,114
115,37,4601,4508,2745,135,37,95,41,2232,3493
133,144,115,2744,20,2,131,2786,95,105,252,118,105,73,75,41,2,439,144,37,3711,116,416,2086,37,167,49,314,105,167,49,439,144
167,302,49,1100,2,302,4593,41,2232,484,95,37,4607,34,4569,34,3702
29,22,62,34,56,593,95,36,62,170,3302,346
55,36,5,3302,110,393,95,360,3746,130,177,449,49,105,1926,540,586,56,290,189
1617,140,366,151,792,6,2,58,187,85,95,75,99
368,59,3,59,62,55,2292,110,266,111,2732,95,787,115,37,1176,39,156,763,2407,293,745,87,397,58
90,294,71,62,8,10,792,30,1934,482,638,95,1176,271,2407,293,745,87,397,58
29,22,62,34,56,593,95,36,62,170,3302,346,593,95,36
122,266,467,3746,37,6,1218,54,62,95,62,105,176,2664,2704,8408,8409,8410,8411,1808,742,62,2145,58,1351
88,37,146,754,85,126,88,185,224,1982,105,1947,1611,647,95,111,92
914,394,3580,716,95,5943,4839,8413,22
74,693,95,75,49,140,243,95,75,1017
130,263,1417,67,502,95,356,1,8426
263,51,60,143,95,75,187,3314
67,745,187,1339,130,110,95,2768
210,543,1329,58,1268,435,514,110,8443,58,29,95,102
2385,95,482,85,201,202,143,85,264
8447,131,75,414,95,3322,3807,160
512,229,95,85,73,2601,85,107,58
20,84,95,356,55,1926,1057,131,589
290,95,109,1321,138,4839
389,488,114,517,3171,232,294
5573,506,1195,89,1302,517,2824,416,247
737,2760,95,2076,8473,8474,444
258,95,59,2122,146,37,62,127,247
130,263,4699,873,85,232,95,639
1343,2805,1836,8476,95,485
1023,364,5,8496,95,151,1057,3307
95,85,922,236,4165,1944
130,393,1470,5905,95,356,85,168
1634,1631,158,1901,95,5453
716,158,468,58,2059,95,1727,1221
1084,429,133,49,85,343,58,95,75,1017
2392,3630,85,229,95,4218,394,110
745,108,914,380,704,95,647,264
131,1692,4283,95,1834,5321
95,356,536,3557,1730,282,3192
4053,4175,264,58,95,24,4851,1634
749,433,2899,95,363,85,264,1634
398,423,146,543,107,95,993
187,135,247,489,1348,95,2548,237
187,85,95,1664,88,8579,3843,58
2423,1499,95,1590,93,1368,945
2,95,356,290,38,6,24,85,1200
108,110,1295,95,1380,1634,183
95,8631,5218,5104,4179,5866
6000,232,95,1331,1268
138,982,95,467,1218,131,43,727,175
187,135,105,95,3898,237,85,5450
95,356,160,219,4246,75,439
762,92,172,745,1421,5425,95,75,608
140,990,260,95,8848,3809,8563
3945,1305,1642,764,95,151,89
4171,189,75,113,1057,95,500,385
901,95,308,41,127,85,1375,156
1200,95,1,439,113,1178,36,1435
8829,435,884,24,95,36,2770,393
5905,435,431,538,1094,229,95,1836
113,43,95,1934,979,301,8834,482,906
571,95,826,62,760,5589
2423,2894,95,62,705,113
130,3898,198,5335,95,111,36,570,58
3318,3903,3588,5378,837,1057,95,167,1845
837,4232,95,1,923,6,664,1057
156,839,381,53,488,95,1174
57,496,114,353,2305,137,95,6
554,55,5473,41,3940,6,357,49,74,58,36,56,92,131,484,95,528,58,482,3522,2,1100
160,5473,41,3940,95,151,7463,7464,873,7465,1770,1100
74,241,531,1110,939,2400,615,324,5679,62,436,3024,133,69,5,67,6206,7554,5473,41,3940,95
201,7469,34,123,7498,34,34,1100,20,4191,95,114,495,482,56,34,7555,34,123,663
1621,528,37,3621,36,201,889,973,3196,663,34,4515,7556,2306,37,36,95,151,3601,41,7
3326,7293,2308,3326,399,7558,95,43,1100,3522
7564,7565,6806,7566,7567,7136,7568,6769,6779,7132,7569,6737,7570
6737,6916,6826,6779,7132,6784,6782,7585,7259,7596,7597,7598,6833,5985
7613,6826,7032,5991,6779,5983,6810,7037,7023,7182,6737
6934,6948,6751,5986,7640,6963,6996,7631,6996,6751,5986,7640,7106,6779,6901
114,876,863,552,22,1167,130,724,36,227,393,41,2117,95,202,151,493,482,56,56,7
130,20,33,446,131,7685,1804,2232,20,33,2099,62,5,3522,151,56,113,95
5985,6767,5987,5994,6759,6737,7009,7188,6960,7604,6779,6853,7132,6771,5986,5987,6891
260,172,4740,95,70,7724,600,75,56,438,133,24,540,58,204,6,2299
4619,438,56,95,54,1593,58
1839,95,151,241,1438,314,117,118,212,241,117,1438,594,117,1438
38,6,62,95,246,189,2955,71,130,198,56,2421,1120,485,74,58,1628,54
36,56,7,385,198,130,302,1628,22,59,90,75,2955,130,177,201,75,95,54
264,130,95,1,164,247,202,114
74,151,160,301,2802,1285,580,95,2955
95,356,2826,53,85,160,3538,127,130,1057,4135,37,385,95,356,160,127,4136
6,4145,137,2974,3915,698,4146,95,356,724,4147
95,356,731,3915,2002,4146,130,206,2901,666,939,2777
95,677,201,593,95,938,2622,73,543,3,143,543,142,95,3674
112,36,55,399,3684,52,95,400,296,2384,260,143
85,0,6,95,1159,88,4151,3222,58,55,3587,89,85,58,27,1595,502,95,4152
130,195,49,108,37,513,36,243,756,95,67
3587,690,467,4159,641,258,1362,296,1497,95,4160
4165,4132,746,95,4166
36,359,353,110,237,2903,95,1277,193,4191,4192
264,135,5,2237,144,71,260,95,130,137,1218,75
55,105,5,467,135,638,3039,108,363,1218,54,58,638,3039,638,3039,95,4444
55,5,88,4028,5,67,6210,67,95,130,108,745,130,58,3541,71,59,95
3627,105,142,5,1505,85,86,130,67,135,4182,95
260,5,36,55,2063,36,138,366,429,386,105,59,138,74,95,736,918,130,198,36,2,958,114
792,1,5,41,2237,264,892,229,2511,95,756,2740,43,95,2398
73,56,37,246,130,142,24,189,1351,56,95,1218,2,3,114,58,85,114
29,1379,414,2314,56,294,1630,6213,39,414,95,111,4444,2757,445,37,386,271,55,113,917,389
55,56,5,4444,145,537,58,95,6212,55,145,537,58,27,917
55,36,198,584,95,6212,2,85,6214,143,85,1478,34,182,29,34,182,429
37,6,1640,390,20,33,1461,425,95,1206,482,78,433,343,34,1234,31,462,1766
198,484,37,663,95,1874,478,95,6,212,95,6,2,58,206,88,37,1874,37,6,212,207,664,536,1874,180
180,34,7,105,95,269,105,95,3160,416
663,180,536,1874,478,85,29,1231,95,1640,34,7,232,663,37,677,1874,478
105,95,3160,452,482,78,180,34,7,1195,536,158,870,180
61,158,870,269,663,346,269,2,180,356,61,105,95,151,3160
114,34,7,6,2,35,36,37,4,356,180,3160,356,61,105,1206,95,482,78
271,1572,1573,75,36,134,181,1062,75,36,10,1378,34,85,29,58,659,660,1574,95,75,642,78
484,37,4,95,156,36,2,35
1206,34,1551,180,95,1447,1874,369
1770,482,78,1206,1552,3174,34,3175,95,1447,1874,180,228
6,484,663,2,484,4,642,95,156,36,1206,6,406,34,33,462,147,1234,97
37,3176,266,552,117,1767,95,663,723,34,7
115,4,37,241,3177,175,1767,95,3176,663
74,4,37,241,3176,642,34,95,156,36,2,35,36,37,4
74,37,37,6,212,5,1919,1841,1864,74,95,3179
115,37,6,212,3180,2,664,143,743,74,5,1047,1859,756,37,1919,1841,1864,74,95,3179
54,114,58,375,85,271,926,37,743,743,642,34,62,110,37,105,105,95,1087,5,102
0,484,1206,3169,6,419,158,870,2,484,4,642,95,156,36,151,4
0,484,1206,34,1550,6,419,158,870,2,484,4,642,95,156,36
0,484,1206,34,1552,2,484,4,642,95,156,36,151,4
201,889,37,301,75,36,1521,37,111,301,74,95,236,37,2021,1656,2021,1217,84,151,889,29,243,1746,1109
6,22,721,1996,3190,85,229,95,111,27,195,22,2,3036,36,563,29,1478,1363,2512,111
6,22,3036,36,95,386,271,85,62
78,503,123,1113,85,969,58,917,130,1996,56,95,111
37,1285,114,718,1097,36,95,1994,863,114,889,37,2021,37,2020
954,1407,994,158,870,37,111,1996,115,37,2512,111,1996,74,95,181,2,262,718,1097
115,889,37,454,1650,133,1285,1990,863,20,133,1994,1992,863,20,74,95,236,1407,38,954,37,1996
110,37,343,95,34,7,745,99
134,1770,7,111,482,78,207,1770,1502,207,201,95,484
62,37,2922,75,36,314,2823,3193,147,21,618,2823,95,147,1770,498,20,134,37,75,1874
134,37,663,75,36,1446,34,7,37,151,95,663
74,37,663,74,642,34,346,34,7,419,37,1087,34,7,158,870,948,95,34,7,85,29,34,7,1654,926,34,7,5,743
38,356,62,663,419,37,1087,158,870,75,642,75,34,2,35,36,37,4,95,663,356,114,58
33,1461,30,21,22,14,868,114,37,95,863,1338,242
22,264,37,1874,756,183,37,1874,158,478,868,29,95,1874,1154,181,27,869
749,2,29,183,22,433,95,1874,95,156,36,180,95,156,36,61
130,62,252,49,95,1328,1851,37,3197,3196,501,75,36,56,930,217
61,446,95,156,36,151,4
55,138,366,738,37,130,95,356,108,180,10,29,58,146
373,1469,37,6,167,59,187,373,425,130,55,5,88,752,2,88,178,37,1280,95,391,2,77,78
3,1042,642,4,95,1787,301,3220,2,115,130,301,3220,115
105,4,3221,233,6,435,2,95,75,391
140,37,4,10,15,95,156,36,6,105,111,34,7,206
176,131,260,148,149,95,1787,1337,2,423,172,34,7
638,4,642,95,75,75,6,510,1640,34,7
130,2338,68,172,75,638,763,130,95,356,142,38,36,85,29,36,247
826,2020,1972,2019,114,95,717,407,718,1645,20
134,95,34,618,2021,1993,266,2017,1991,615,336,2019
122,4,638,95,75
84,1746,386,643,95,36,224,224
5781,84,3,95,393,293,308,1802,185,85,122,257,5609,5199
643,5781,55,5786,393,36,168,1409,36,739,156,95,217,130,724,1297
135,1576,4238,95,482,1176,29,664,37,36,175,75,5609,889
459,37,6,109,7,58,889,137,95,555,2002,1868,88,1872,75,74,482,78,37,6,894,34,7
29,1,3496,6,7,160,7,219,1679,252,180,95,5797,1679,180,4434
2384,105,1103,2092,62,5610,22,131,2957,1982,391,95,111
3319,2625,24,95,24,4440,3274,20,135,135,5807,85,290,291,292,5802,1679,135,38,27,230,4440
29,3496,137,717,1679,926,252,7,4843,36,185,71,22,131,95,1679,270,216,75,7
83,542,140,5,105,49,1103,1988,3984,95,167,7,930,37,167,151,1679,130,73,37,167,130,62,1498,5
153,1277,144,3,247,1548,95,979
112,105,172,55,363,78,95,356,29,1159,170,1548,746
137,4721,273,180,95,4627,309,55,6,105,4627,5,4721,423,58,398,419
55,5,4721,273,54,423,58,3266,58,6,146,291,110,2583,95,6,7
1146,294,56,95,1548,122,37,1,0,537,538,233
115,4357,618,2004,140,6,230,7,151,287,55,2,177,160,38,1548,38,3496,554,114,618,638,282,36,95,167,160,105,20
55,6,167,5,3496,643,644,360,5,36,56,138,271,130,94,95,6,639,1218,445,58,41
34,31,1548,1738,147,31,1738,95,7
1679,698,174,247,7,266,97,680,314,97,1691,167,1417,2,95,308,67,93,137,180,5076,2116,4228
263,317,85,264,438,36,58,105,166,35,36,3984,95,167,130,85,232,37,2,35,36
111,20,60,24,5698,111,20,60,24,230,1091,95,370,5838,10
14,5077,2,438,5606,229,95,4874,1679,925,1281,8,59,925,1281,8,59,343,20,5846,343,20,5847
6,49,62,911,29,522,95,75,509
5854,167,5,306,115,580,618,34,618,1646,49,242,167,95,736
397,1548,55,90,167,210,36,242,95,736,55,1809,2560,5,22,401,71
1548,298,3764,95,7,174,536,6,217,50,34,272,1732,41,4708,1679,6,2,60,1056
29,252,362,95,1679,6,22,1548,73,1548,6,105,671,6,34,353,698,5
39,1548,37,1078,2111,62,1744,2,95,75,161
55,1548,2338,62,2,755,167,95,1832,580,618,296,731,36,56,37,5858,299
55,3496,85,187,128,198,146,111,109,7,198,1988,36,41,95,7
55,3496,5,1548,85,142,247,130,3121,37,1,36,3121,36,29,41,95,7
85,94,3496,73,37,1548,27,22,917,130,2064,3496,5,1548,36,1351,130,1738,37,1548,95,7
55,36,5,3496,27,1595,198,2064,5,1548,745,3121,1738,95,7,195,1409,615,135,140,5,4802,482,4833,130,73,34,58,41
3941,617,95,111,5563,794,131,973,2471,5563,118,97,1826,617
5865,617,95,237,5866,617,14,1400
1601,3601,869,1294,37,580,95,232,88,135,2,35,4802,62,5870,353,160,5,2092,3197,252
973,1548,37,3601,2957,74,3878,617,95,111,973,37,5563
140,3601,37,151,5,212,115,172,401,5875,39,37,1679,5,1986,1709,401,1986,638,95,75,49
160,3601,6,2,140,1548,1200,110,1548,95,105,252,145,146,6,167,170,146,360,1548
55,36,5,138,55,1176,373,130,95,6,2,140,135,37,6,2,35,3
140,36,37,151,792,95,156,55,36,5,90,74,1,156
55,36,5,145,73,130,5321,745,95,1,114
55,36,5,228,839,1218,95,6,43,49
3,127,37,95,6,1218,2,738,2002,56,483,418,246,151
745,90,74,22,144,3244,1235,331,318,617,95,6,49,41,1100,116,889,167,49
3127,92,95,54,3980,2194,233,2444,36
170,410,439,736,386,835,918,85,1829,439,130,95,6,0
55,130,490,741,142,538,133,90,121,37,95,55,85,210
170,175,59,160,151,95,111,130,3121,36,4000,85,1146,58
55,36,5,22,4563,41,73,2,114,4294,7,135,84,95,6,25,319,5,262,6,436,715,996,172
73,130,95,6,1787,2,504,4294,7,140,74,37,893,1037,5,85,136,1809,1100,1113,135,996,170,84
29,130,89,1208,49,22,206,2444,36,85,55,368,653,398,36,85,137,95,393,85,501,143,85,484,85,114,368
185,95,3310,122,1444,5941,34,7,130,4702,37,24,388,37,36,56
95,54,211,2740,2460,3620,130,85,142,769,538,36,133
3077,95,3077,260,130,4032,6,49,3192,4032,158,2066,1905
135,58,5,71,3,37,130,206,108,24,36,127,56,741,206,742,558,944,3089,5928
3619,195,818,356,482,195,2548,95,356,1478,2354
746,3214,923,889,5953,95,151,167,458,356,543,114,442
130,554,55,36,416,423,5956,737,95,3522,3656,84,144,484,6,2954,215
5217,5957,243,356,5217,1218,922,3562,122,143,95,75,694,582,1058
554,55,36,416,1054,1054,612,2820,7,142,151,1053,95,5958
95,363,3,428,122,90,1538,480,85,86,4232,90,1,36,29,58,2583,85,958,143
227,482,483,509,301,742,130,455,37,151,95,43,49,2444,36
1139,37,3077,167,95,1010,55,289,289,177,289
554,55,36,201,95,24,73,445,4218,516,1353,59,24,113,135,143,439,5960,386,55,85,135
122,49,90,373,62,1218,5,167,59,152,2045,130,95,1,85,4232,53,3121,143
90,208,1178,58,95,1,923,313,4163
554,55,36,416,56,7,717,94,95,718,242,515
130,85,3,175,78,85,35,22,160,37,49,161,95,1,717,718
856,1996,637,88,95,3310,3577,130,3121,36,1294,37,188,2882
528,1277,4579,2,370,5966,562,37,34,37,496,181,2,85,35,85,137,95,393
554,55,36,416,56,7,717,94,95,718,242,515
130,85,3,175,78,85,35,22,160,37,49,161,95,1,717,718
856,1996,637,88,95,3310,3577,130,3121,36,1294,37,188,2882
528,1277,4579,2,370,5966,562,37,34,37,496,181,2,85,35,85,137,95,393
3219,414,415,6,416,92,2,458,2,419,2,135,38,2,440,2,418,58,85,698,85,658,4402,95,75,391,29
3,554,2444,36,638,791,435,4402,95,75,509,3552,38,1048,177,698
3290,58,95,3077,1220,1058,745,55,741,59,582,88
142,95,485,78,446,2,1066,122,37,1,206,135,38,56,483,419,1237,482,7,482,1100,37,398,2,423,175,78
55,36,5,260,343,4207,130,368,567,484,37,736,4208,95,482,4209,1325,4210,482,7
1534,90,373,700,135,10,3,95,393
95,356,2064,49,4226,6,43,143,590,509,818,92,170,2201,67,698
122,54,889,4232,482,7,482,41,225,130,58,127,130,3557,29,2621,1939,991,95,4233
95,356,531,746,757,1246,156,127,1634,160
142,85,2551,29,2202,4255,638,763,116,3845,1174,4256,3879,49,161
62,22,3171,62,22,4269,108,7,4270,746,1153,105,294,95,93,485,565,4271
2622,1412,247,56,746,3557,4272,95,6,24,4271,482,56
6,1218,710,130,172,470,95,1123,1124,482,1434,85,94,458,6,116,964
3,1,4225,489,423,398,1612,1209,127,95,4281,1279
4024,3558,41,4285,95,75,243
22,4237,210,7,172,201,85,916,4237,252,95,34,4286
1412,942,374,458,1061,745,229,95,529,1172,1276,1412,982,1100,4287,58,81
373,150,1412,115,95,454,85,108,130,1139
1134,409,161,2190,49,2117,43,95,482,2444,36
103,36,247,1100,484,95,81,24,1124,142,58
3,95,746,373,3684,89,151,746,3483
187,309,3315,741,489,29,710,498,731,170,555,2617,95,4281,1279
4046,535,535,168,393,95,356,388
29,58,449,4245,4139,95,24,3312
2117,85,930,95,679,85,1276,85,55,368,56,246,151,2,143,771,673
135,5,1427,227,5,228,227,227,135,294,95,536,142,294
745,7315,29,41,95,7,3522
74,37,393,440,179,381,95,6,2,114,262,92,131,7318,189,74,56,34,435,7319,143
227,745,5539,37,393,95,6,1088,6214,262,414
55,745,393,37,385,37,1057,121,56,130,83,6,4260,95,6,246,172
55,745,393,95,7334,34,435,3829,56,73,207,304,206,58
138,74,37,156,210,37,515,138,55,75,287,130,2940,84,514,186,56,95,185,5073,37,246,151
749,1218,2,73,262,414,57,84,95,435
138,55,543,29,22,446,29,113,0,130,85,381,445,95,59
22,1012,29,113,22,1218,73,170,37,59,1890,59,114,56,95,7334,85,439,435,38,768
2,177,114,7353,246,1218,703,95,356,195,393,34,435,143,114,189
749,1305,2,114,95,49,2,749,385,2,792,5,246,1057,749,1057,792,5,246,385,55,170,59,1305
2,74,37,393,108,381,73,37,7318,2,114,95,49,130,170,22,182,2557,146,177,73
6,83,29,1047,1774,615,95,111,138,248
140,603,95,75,243,130,93,22,439
74,666,552,170,267,130,85,108,543,29,1218,95,49
187,195,1794,2184,95,49,1718,187,638,436,1427,187,228,176,638,436,172,2545
724,1322,7370,145,393,22,7371,135,24,393,1154,146,108,130,95,6,0,62,56,127
27,2,85,6653,315,241,2384,5693,594,558,2466,95,5398,1152,3717,5,530
142,647,95,49,29,294,142,5,56,2,74
130,37,6,246,56,62,127,95,6,970,187,113,187,189
202,4555,34,3601,95,3326,36,56,247,1478,462
263,36,56,178,1,247,3601,78,130,198,1738,95,167,57,647,49
62,4555,1277,2,4632,3522,75,158,870,1738,95,7
90,745,528,482,343,36,56,492,58,2002,75,1868,1869,3097,694,717,869,868,491,33,870,36,56,516,54,95,7
164,423,436,133,69,6,7786,62,58,7787,95,67,6206,198,137,37,3522
4766,37,482,2402,3625,2023,320,594,1954,1882,95,2023
264,37,1235,95,75,3621,20,291,20,292,260,343,2008,1546,343,3027,5680
459,3522,29,343,172,459,3601,29,95,167,7
264,36,37,1,2,3,264,262,3601,78,43,95,892,7,2,3,36,528,482,343,36,56,7
130,160,167,252,95,217,24,2,140,643,5,24,144,54,2,459,143,482,2,528,343
889,95,677,201,663,212,2607,36,2,114,3601,41,2571,36,130,516,488,2306,3601,151,889,7795,1195,6,7,201
463,137,4555,717,36,95,555,36,2,528,75,3706
463,135,4555,250,5,249,95,308,67,49,1732
85,178,1,27,2,62,73,146,90,85,397,58,336,3112,381,94,95,3695,2,122
266,117,1436,594,5706,266,117,594,137,95,1436,20,74,41,482,911,69
1738,4555,3522,95,6,7,30,31
114,41,5721,262,1436,617,484,95,151,116,2384,232,994,482,41
626,34,7,83,84,295,34,1100,130,2385,95,36,56,78
85,3220,6652,29,353,93,680,1691,89,233,2385,95,36,74,151
130,36,146,3207,6,49,202,247,166,1076,5,2608,95,54,130,263,749,247,252
41,7,4324,41,1100,43,105,95,892,973,1047,43,850,994,500,3558,6,746,3214,75
55,73,37,6,7,432,95,25,580,2,177,58,1486,55,36,85,670,0,142,105,482,289
55,5771,380,36,130,37,2,55,56,37,3
136,74,4324,37,75,440,36,260,4740,95,6,1100
3214,1786,34,7839,6332,95,4324,55,905,247,4325,1454,36,37,246,558,1197,85,701,135,5,2218
264,4323,95,357,78,202,757,37,6,123,763,170,116,7
201,4374,95,500,482,36,85,62,732,6,1
201,889,95,677,202,1087,482,36
762,6,1087,36,22,131,114,861,137,717,95,555,36,377,41,4563
