12,14,11,164,8,5,11,162,194,44,5,135,9,194,44,5,135,90
12,6,17,5,7,2,39,74,5,4
86,195,13,1,5,235,262,12,164,44,8,5,7,5,7
12,8,5,8,25,142,21,5,4,12,4,13,8,12,10,7,12,5,9
12,2,40,76,25,134,11,2,187,508,282,5,8,7,65,5,1,5,8,25
119,191,106,66,353,7,5,6,7,61,195,4,13,49,31,23,101,79,169,10,93,1,8,79,4,22
140,9,326,247,171,13,8,13,8,44,61,5,30,5,173,213,5,7
28,5,8,8,169,73,1,203,157,5,93,7,8,2,31,8,77,131
12,4,5,4,28,5,149,5,1,67,8,8,11,7,5,8,5,9,5,6,8,8,10,7
119,5,8,119,5,194,44,5,8,5,1,2,80,14,33
66,150,5,153,28,5,149,5,8,547,80,13,7,6,8,9
504,8,5,4,21,181,79
74,5,4,185,31,63,157,5,8,13,4,157,39,67
106,5,8,9,106,5,63,106,14
19,195,4,9,1,8,8,16,5,1,118
25,80,6,73,5,51,93,8,6,8,1,9,8,93,8,9,4
8,2,67,219,2,67,189,5,17,31,27
1,6,1,120,8,6,1,66,269,5,1
12,4,5,4,181,74,134,8,25,2,179,195,9,90
28,71,8,106,8,5,6,7,203,54,101,5,8,8
106,14,11,164,8,106,5,11,162,194,44,5,135,9,194,44,5,135,90
196,134,2,77,9,18,11,2,66,73,211,2,67,8,191
6,125,2,195,189,66,228,8,9,8,93,8,8,582,2,3,4,5,4
39,74,4,21,5,8,8,2,74,195,8,10,4,74,5,8
12,4,5,125,5,27,146,5,11,12,10,7,12,4,5,6,1,135
86,13,49,31,23,79,169,10,93,1,8,79,4,22,2,517,8,2,9
202,9,5,1,80,82,39,80,13,8
12,50,120,50,5,101,120,57,79,79,4
86,15,67,4,37,67,2,209,5,98,194,8,194,27,21,9,88,159
101,74,4,20,77,2,187,4,169,187,288,8,2,290,5,1,2,7,364,8
12,4,5,4,28,5,4,28,5,149,191,5,1,5,1,5,1,150,5,44,5,11,7
12,4,5,135,5,13,7,454,9,455,5,11,7
12,4,4,5,8,12,4,5,4,5,6,44,2,74,8
74,8,5,6,11,7,74,5,8,5,9,8,73,44,6,11,7
74,134,10,5,149,8,6,175,5,202,93,4,155,2,11,90,222,4,7
117,5,13,7,80,80,13,7,6,7,6,8,13,7,63,65,5,8
12,10,44,8,269,6,8,7,1,5,63
200,4,8,66,5,7,10,7,12,7,5,7,73,5,93,8
86,7,101,84,11,164,1,1,1,86,101,5,1
74,8,17,97,5,2,81,74,8,5,2,80,8,8
504,6,93,13,7,5,4,5,4,8
39,119,5,4,89,1,189,5,8,12,1,12,12,15,4
12,4,5,4,28,72,1,28,196,7,8,187,71,5,8,9,6,1,290
168,4,49,86,93,86,27,12,211,4,4,119,467,25,11,25,11,12,467,9,5,32,11
12,4,5,6,9,2,74,4,7,2,190,10,7
2,5,8,25,77,130,1,106,21,101,6,8,25,5,63,67,8
454,14,41,66,203,4,75,215,2,4,494,67,1,66,67,5,41
1,2,74,4,5,7,1,9,7,74,11,44,7,74,1,11,44
12,38,521,2,54,140,9,5,119,6,7,35,21,454,9,454,41,2,4,140,14
142,5,1,5,8,2,7,5,8,2,73,8,142,5,9,5,8,5,8,5,1
7,7,49,8,2,5,8,8,57,57,49
46,39,106,5,93,4,5,9,2,174,236
528,73,32,8,6,4,1,2,3,4,5,4,41,21,155,2,40,75,5,191,66,67,8,41
201,7,93,1,8,44,6,80,7,85,1,63,4,5,8
44,2,5,8,1,6,8,8,11,44
2,101,67,1,5,11,169,1,13,1,39,766,101,2,8,25,2,29
454,5,8,9,74,8,2,29,290,5,75,5,215
12,4,9,90,2,195,378,85,11,1
134,40,106,8,2,318,215,106,6,5,7
6,13,4,6,2,74,125,39,120,51,5,6,13,4
86,101,120,33,164,44,44,5,6,9,90,6,6,6,17
12,9,90,8,4,74,4,6,7,5,7
12,8,4,34,13,9,19,5,10,13,57,57,6,6,8
6,13,4,6,2,74,39,120,51,5,6,13,1,13,7
93,11,11,8,4,6,4,74,4,5,7
5,164,4,2,74,2,19,5,7,63,2,19,5,4,13,7
93,1,11,9,4,6,7,74,4,6,4,5,7,7,84
12,157,157,5,63,19,5,6,6,4,39,19,14,288,6,265,1094
12,211,491,54,5,494,160,171,450,5,9,2,66,18,101,450,5,125
12,5,4,12,4,1,101,5,9,2,187,386,82,179,225,5,171
86,8,17,431,34,44,1,5,32,8,15
12,4,5,6,8,12,5,46,120,57,5,194,1,2,4,1,26,27,2,8,26,27,39,119,8,14,8
12,6,8,86,5,35,86,4,66,1,4,66,1
12,4,195,28,28,149,6,7,106,106,5,4,6,5,7
89,8,63,86,7,201,7,112,4,6,7,5,8,1
86,50,7,5,9,454,9,5,1,9,11,8,50,4,74,12,5,9,8,8
1,199,87,86,189,86,155,4,12,26,563,12,195,4,450,5,9
12,6,7,5,63,17,17,12,7
454,195,390,125,66,101,77,9,5,7,28,28,11,67,191,187,40,134,5,11,4,17
12,32,4,5,1,0,12,27,12,8,5,63,12,12,8,142,8
6,7,4,6,7,57,8,5,63,579,1,93,6,6,7,6,1,758,35
6,13,4,125,2,74,2,31,39,120,51,5,6,13,1,13,7
4,6,4,74,5,7,93,11,4,6,7
101,169,74,4,10,8,6,6,75,0,4,3,236,9
12,21,13,8,5,4,120,119,101,6,7,66,86,195,212,12,4
12,4,6,4,200,5,4,5,8,12,46,25,74,10,4,54,185,76
74,8,269,5,13,1,2,63,67,135,228,39,67,6,2,67,43
4,181,119,1,49,57,5
290,5,1,288,353,6
4,22,181,17,155,6,11,2,28,153,5,1
188,84,44,5,44,774
2,119,236,9,119,9,39,80
2,66,626,9,989,5,746,292
101,67,41,5,57,44,40,63,13,9,40,244,4
187,236,29,4,29,1,66
49,80,11,80,8,211
101,29,169,29,93,6,269,5
8,5,568,6,57,5,80,9,54
20,29,2,106,54,2,39,43,626,5
11,202,5,13,1,101,292,202,236,1
9,5,9,73,6,75,6,75,75,5,119
2,4,17,71,6,17,5,6,11
2,49,119,5,49,243,292,39,119,1,34,169
6,73,13,93,17,2,81,5,8,8,525
41,67,41,164,8,119,5
150,5,4,153,66,1536,39,67,8,8,17
40,1,17,8,73,5
452,5,168,9,93,1,80
26,26,13,1,71,9,5,13,8
2,236,29,9,370,9,1
187,8,244,158,5,6,215
67,8,5,6,1,6,11
200,15,8,21,6,1,74,461
80,2,66,155,4,191,17,5,6,11
2,153,17,5,179,292,11,90
5,140,215,6,75,55,169
179,13,27,179,195,9,169
515,292,1,57,5,109,127,84
307,10,7,307,5,6,8
2,4,74,72,21,23,8
46,79,5,8,4,5,93,8
17,4,8,27,5,6,27
109,1568,291,4,5,233,8,8,5,7
8,7,73,5,13,7,2,101,3,4,5,9,1,5,8
2,40,6,41,2,40,5,93,1
75,699,5,101,29,6,8,8
29,8,169,8,73,5,8,17,66,73,6,1,2,9,27,1,49,49,49
8,17,187,73,5,1,49,2,187,29,8,120,119,9
36,36,195,181,168,1,0,5,93,9,5,171
12,5,20,9,208,5,13,6,11,2,6,73,25,211,31,6,71,25,211,31
66,67,5,6,4,66,67,6,74,74,5,63,74,8,5,63,93,8,202,6,366
491,8,93,7,492,93,7,169,494,67,490,17,71,66,17,18,5,10,5,8,6,44
4,15,103,74,8,63,4,4,8,67,74,164,9
4,1,67,15,119,119,164,8,119,119,5,8,119,8,44,8
303,4,35,8,66,11,63,2,164,6,810,5,125
2,1,243,8,57,119,8,13,8,199,8,199,5,101,119,5,11,80,2,6,73
2,959,80,39,80,959,67,269,4,152,1043,39,67,83
2,39,40,8,5,233,11,6,4,169,187,288,5,8,8,10,228,10,63,243,5,11,39,152,88
169,18,8,18,11,9,5,135,5,93,125,135,60,202,93,125,60,202
6,6,4,5,7,6,4,73,1,73,11,73,10,8,63
74,8,66,40,5,7,93,9,6,1,6,743,60,137,364,211,6,13,11
74,8,66,244,180,5,6,1,57,5,7
74,4,6,5,6,11,8,66,67,4,11,63,11
74,8,66,202,93,4,90,33,97,8,10,228,140,135,5,10,228
74,6,71,6,1,57,5,7,119,6,9,9,706,6,4,1,21,5,6,44
74,2,39,67,5,164,11,5,7,706,6,4,1,39,15,67,8
74,4,5,7,63,5,93,8,74,8,7
565,5,4,8,17,73,13,6,4,8,73,5,125,157
36,80,8,17,5,63,86,8,17,5,63,647,1,6,4,73
74,4,5,30,8
8,17,187,73,5,1,49,2,187,29,8,120,119,9
2,528,288,5,290,15,119,8,35,61,2,4,1,765
93,11,93,4,6,7,74,4,6,7,7,12,211
698,9,9,1377,5,6,8,1385,8,1343,164,1238,5,39,1297,9,4
169,11,140,54,792,5,84,164,85
36,5,6,27,206,5,6,27,187,29,71,5,1,1,11
5,101,8,5,9,187,4,17,1,1345,1,1369,5,9,41,1281
187,113,41,36,5,9,90,20,39,31,54,6,41,31,5,8,39,29,6
187,29,288,169,6,44,73,5,8,5,13,6,11,6,73,11,8,93,9,6,315
36,8,12,206,187,7,9,2,7,9,36,8,187,29,5,6,7
93,9,4,6,4,6,7,2,343,5,93,136
6,7,119,5,215,60,10,32,191,454,23,9,9,2,220,93,4,6,1,2,102,14
2,269,93,4,5,6,9,20,140,23,39,544,5,13,4,22,21,98,180,215
101,28,22,5,93,153,5,27,150,75,5,153,17,5,4
4,28,4,28,4,150,28,39,241,236,1,2,155,31,5,154,5,191
8,187,188,386,386,292,93,41,7,288,292,13,4,1,5,6,8,1
6,1,9,8,17,187,29,5,10,8,17,66,7
29,187,4,41,5,9,1,2,119,54,39,119,5,9,169,9,90,140,15,86,212
187,113,41,36,5,9,90,20,39,31,54,6,41,31,5,8,39,29,6
12,5,4,8,44,150,1,2,187,73,236,28,5,191,2,101,719,236,235,54,5,8,25,29,288
67,6,8,5,27,67,195,74,8,17,125
1,120,49,80,5,6,8,13,13,153,137,225,8,364
74,5,63,288,73,6,93,1,1,103,39,346,39,9
67,135,8,17,63,5,9,8,74,74,135
273,137,8,8,364,15,49,44
10,6,274,14,6,8,274,195,6,9,8,1,44,100,74,44,74,74
11,38,67,4,8,17,73,5,13,191,140,10,9,2,39,325,32,8,5,11,38,11,38,103,153,6,71,269,8
1227,1281,13,41,5,41,169,8,17,5,1,1227
5,101,1249,1,4,5,1229,4,6,41,5,93,1,49,1259,8,1238,1281
8,1281,1344,1,5,41,13,41,1345
235,54,113,5,1,11,12,54,565,5,41
101,101,74,4,1,26,116,5,30
101,74,4,1,26,116,5,30
36,8,5,11,5,1,5,8,5,8,5,8,5,2,336,9,5,8,5,9,5,6,6,84
12,4,6,4,4,6,4,8,17,6,9,8,8,4,35,5,13,4,8,2,356,4,35,86,8,13,4
60,73,6,5,13,9,6,4
29,290,5,7,5,6,233,7,158,5,8,25,5,6,8,5,6,1,5,1
74,6,8,4,29,5,1,5,13,8,5,6,57,8,17
20,33,6,34,2,243,89,5,8,4,1
29,5,6,73,5,8,8,66,347,6,35,8,9
8,8,9,5,44,100,5,44,100
10,21,8,6,74,8,10,39,67,37,6,6,4,10,39,67,37,8,6,4
169,233,10,8,8,49,6,4,37,7,11,49,825,6,18
29,93,7,13,13,7,2,243,5,41,89,5,34
20,33,6,34,2,243,89,5,8,4,1
1008,8,29,683,119,9,211,9
4,670,874,8,43,67,712,9,43,125,67,712,9
101,518,54,6,4,8,206,8,2,41,32,1,32,44,32,15,41,6,6,41,2,10,292,145,6,11
29,101,622,54,622,8,39,103,171,6,2,29,211,169,97,97,6,262
67,135,5,9,45,5,7,67,5,7,9,9,8
2,103,6,10,75,11,8,6,2,5,11,1,2,44,9,208,5,1,2,5,44,39,77,9,5,1
8,43,63,5,27,45,67,315,445,445,5,125
40,5,1,5,1,2,119,5,1,49,2,55,205,11
39,392,1,5,1,1,39,392,5,1,8,63,392
5,6,85,1,2,9,1,321,73,39,321,5,6,8,11
2,103,134,8,8,6,8,8,6,8,8,6,8,8,13,44,75,106,106,5,8,2,67,4,75,14
61,5,1,0,5,116,5,299,61,56,10,5,314,119,44,6,105
106,316,8,8,5,6,4,75,6,75,103,5,6,4,75,8,77
5,80,30,13,30,5,9,2,31,4,30,32,33,13,1,5,11
106,5,254,2,357,4,76,8,8,17,6,6,74,8,8,5,191,5,16,76
5,2,61,54,6,13,7,13,93,7,6,7,5,2,39,213,54,6,13,7
74,2,250,4,75,5,11,2,66,73,101,172,106,5,9,5,6,7,5,9,5,6,7
39,67,8,11,8,6,8,6,9,8,8,2,67,5,6,168,1,2,5,6,9,1,67,8
205,5,164,191,75
279,280,281,5,8,2,39,106,39,119,75,5,282,2,39,5,11,63,67,8,2,5,6,6,6,4,67,8
39,231,33,39,232,2,187,4,75,8,17,73,6,1,5,1,5,1,5,1,57
60,77,236,6,2,67,4,75,14,6,75,77,236,6,39,77,32,236,8,17,2,39,155,66
74,2,74,4,37,180,37,180,37,101,67,4,37,180,37,180,37,128,5,9,2,66,73,101,172
205,5,164,191,75
39,214,5,11,214,1
39,67,134,1,49,5,1
209,5,366,5,6,9,38,61,56,44,119,5,9,5,6,2,39,140,9,5,8,5,6,2,3,5,93,228,55,17,191
205,10,5,131,119,44,6,175
101,8,39,65,5,11,214,1
8,8,80,8,27,5,1
67,8,41,202,8,292,1,5,8,1,5,8
74,4,75,5,6,44,0,5,254,5,254,2,216
119,1,0,2,187,227,8,5,191
2,77,11,5,254,203,6,8,17
300,37,1,9,8,39,119,173,37,154,39,140,5,215
7,74,295,4,67,8,195,73,195,6,8,6,315,74
39,77,14,39,77,195,39,202,154,195,39,77,39,241,195
404,4,6,17,5,84,5,84,2,39,77,212,93,154,5,191
5,6,9,2,344,5,8,2,80,134,77,39,77,5,8,2,81,134,9,8
101,5,63,39,77,5,11,214,1
5,101,187,227,21,11,44,184,76
119,75,2,5,153,9,11,2,75,8
12,101,4,6,4,10,7,5,6,4
5,6,2,39,243,37,11,1,11,110,7,2,74,236,5,4,6,4,7,7,223
63,77,63,39,202,195,11,2,17,66,195,66,73,5,125,39,67,236,5,4,74,134,8
251,4,75,8,6,131,6,154,6,154,6,154,9,2,67,4,21,236,17,2,74,5,75
210,252,5,6,1,2,119,101,1,2,120,57,56,5,35,5,1,57,5,44,6,6,6,17
39,77,195,11,93,1,77,195,44,11,8,2,8,106,10,7,5,77,5,8,132,10,7,6,13,75
158,24,8,5,1,5,11,2,60,65,210,5,11,2,120,57,5,7,101,172,39,64,1,211,2,212,126
7,2,5,93,6,7,5,6,7,66,7
196,134,2,77,5,17,6,75,5,215
2,77,9,5,254,356,4,75,131,106,63
2,67,8,8,6,8,343,106,14,5,6
1,77,76,5,11,164,154,2,241,82
106,5,44,5,6,13,9,20,210,167
233,44,100,233,5,1,233,5,10,26
120,61,5,6,41,8,53,5,27,1,8,5,93,9,91,5,4,6,125,5,13,7,2,116,66
12,491,12,82,168,1,454,38,285,454,5,285,5,1
454,5,309,103,54,8,25,150,54,85,1,40,29,5,1,40,5,44,187,44
89,13,7,21,17,194,4,142,4,5,4,6,7,5,7,5,2,119,5,17,194,4
120,119,5,2,74,4,5,8,2,74,14,86,5,7,5,8,73,73,89,56,6,9,5,9,119,11
12,4,5,6,8,12,6,8,12,164,6,9,194,44,201,5,8,12,5,315,146,5,8,8,2,5,13,7
66,73,5,7,49,97,157,454,195,10,4,480,1,2,5,162,1,2,119,11,504,27,5,467
12,4,5,7,11,44
86,13,7,8,86,5,390
60,119,1,21,15,6,86,8,28,23
7,8,3,125,21,7,5,13,8
1044,5,414,454,8,455,5,11,164,63,515,235,12,63,195
12,4,5,168,13,8,2,8,71,15,112,15,11,125,11,63
86,5,13,390,86,5,5,8,8,54,243,21,5,292,243,454
86,14,13,7,347,5,13,1,86,5,6,2,67,15,11,534,4
12,4,5,8,288,135,150,54,1204,5,1,2,8,71,15,543,15
12,32,8,5,8,1,12,6,4,6,8,4,125,57,86,5,35,11
454,390,1,49,486,33,454,195,49,236,4,73,18,8,308,5,162,8
454,49,236,4,12,125,12,40,9,9,543,66,39,74,2,4,74,195
89,13,9,8,169,363,6,8,9,2,195,383,5,8,17,343,5,8,269
66,74,5,1,2,5,7,12,6,8,54,236,8,12,117,86,195,6,57,195
12,2,119,13,7,5,4,5,164,7
454,195,10,4,12,5,7,12,9,12,4,135,5,4,6,7,454,135,5,4
21,6,1,13,4,34,21,5,4,365,2,74,56,5,13,7,2,243,5,467,21,5,27
169,187,288,5,93,8,9,2,8,67,5,9,171,5,6,11,8,29,2,184,290,5,7,2,55
86,101,6,8,8,473,86,13,4,86,5,8,89,15,5,8,11,86,101,6,13,6,7,10,8,9
12,4,202,292,5,49,12,8,12,8,5,1,5,6,8,2,14,86,57,2,19,63,49,2,19,27
515,9,9,93,8,5,8,4,515,5,125
12,4,6,8,2,14,8,86,5,7,9,1
454,33,9,29,5,41,5,292,90,29,21,5,1
454,33,11,29,5,41,188,1,1,29,21,5,1
200,56,93,5,9,9,90,12,12,6,6,7
12,211,491,79,6,73,378,5,11,12,8,12,63
119,1,364,101,364,13,7,7,5,13,7,11,8,39,119
12,33,8,29,5,41,2,54,199,1,1,29,21,5,1
12,14,4,9,82,168,1,8,171,12,82,8,27,5,93,125
12,14,1,1,1,13,1,57,5,1,1,12,5,7,11,44
12,4,5,6,44,5,9,200,5,8,4,288,21,4,125,57
4,1,2,14,119,86,6,6,9,168,1,119,5,6,2,8,139
454,10,13,7,60,90,5,4,6,7,5,2,97,5,4,6,7
12,6,347,88,5,365,10,44,8,6,6,8,119,5,311,21,1
12,286,8,12,164,8,12,21,135,169,9,125,208,6,8,608,5,8
454,10,7,5,7,13,7,119,33,13,7,5,44,2,1,5,44,5,44
106,8,4,75,5,8,8,25,9,106,5,8,17,179,9,13,9,2,77
6,8,74,6,9,86,101,6,1,44,6,13,9,86,88,86,5,6,8
454,5,4,10,4,12,5,7,5,7,12,5,6,7,6,7,74,13,7
86,86,7,7,5,101,119,8,66,7,5,8,25,169,13,7
200,4,66,4,6,8,2,14,86,5,7,10,7,74,14,9,93,7,8
32,7,7,285,7,285,6,44,2,5,168,7,10,44,9,46,39,209,11,38
30,13,30,101,74,4,2,243,5,1,5,44,439,29,324,90,5,34
2,40,1,5,17,57,5,9,40,290,5,191,292,5,75
5,346,57,5,13,8,5,11,208
53,39,2,5,8,79,5,101,65,5,17,79,5,101,137,59
5,101,9,74,324,5,6,44,138
465,9,8,5,8,465,5,8,6,1,137
8,109,54,5,1,8,57,44,347,5,44
169,57,7,9,5,1,137,86,5,8,2,17,5,1,2,119,8,39,119,5,295,7,5,4,39,119
20,9,220,5,6,11,20,11,220,5,6,1
44,5,7,5,6,7,6,6,7,67,31,373
200,5,41,12,169,74,25,5,175,74,191,154,738
12,5,9,74,12,5,8,39,119,8,6,135,80
5,93,41,8,8,202,2,5,6,13,8,9,90
2,8,4,5,6,1,9,5,6,34,303,261,8
5,101,29,26,54,244,8,39,64,903,5,8,93,41
74,8,66,67,4,5,6,8,8,5,13,9,5,9
3,8,25,13,73,73,5,6,1,9,220,5,6,1
101,74,4,4,1,28,28,5,73,25,5,4,2,5,8
5,181,129,5,181,64,8,64,11,39,120,13,6,8,8
5,101,9,140,11,86,233,82,5,101,119,233,11,31,8,8
29,5,41,174,292,897,638,39,521,33,1,5,17,839,494,8
5,6,17,71,521,494,101,101,521,21,8
274,8,5,73,14,2,274,8,5,778,225,8,5,1006,225,8,39,6
2,45,4,5,4,74,8,7,303,5,324,31,8,15,364,5,6,4
5,101,40,8,7,11,7,1012,292,7,7,2,5,494,5,494,8,74
146,4,13,101,146,201,5,9,1,86,51,5,1,5,8
662,82,9,1,7,67,5,63,8,6,4,80,5,34,9
12,33,8,7,2,5,93,6,7,9,2,6,8,6,8,5,7
12,4,162,12,5,27,10,13,10,4,5,8,66,353,7,89,8,5,34
74,2,74,37,6,8,17,2,3,4,30,37,101,43,4,37,5,6,8,17,5,16,104,5,9,90,20,2,74,24,4,30
120,11,80,38,140,15,5,8
7,8,6,2,5,10,7,605
12,271,5,1,0,5,4,12,4,5,6,8,7,12,5,13,13,9,119,14,26,26,5,105,5,13,1,0,86,86,5,311,5,35
12,4,6,7,14,7,7,86,211,504,211
12,4,6,8,9,14,15,5,13,7,101,86,33
20,93,6,13,7,262
32,72,8,21,13,4,2,225,195,9,9,2,21,195,13,1,4,66,45
38,1191,8,310,13,8,407,82,5,8
12,6,6,4,5,4,28,154,5,215,2,8,2,66,73,195,8,66,12,4,101
89,195,6,44,17,5,8,25,12,4,6,63,5,101,74,6,8,66,6,7,5,8,25
504,86,93,13,17,6,7,6,7,6,7,6,7,6,7,120,6,35,86,5,7,504,211
12,10,32,11,3,4,139,5,1,139,5,9,2,364,101,86,44,100,5,6,9,5,9,8,25
2,3,4,6,4,5,13,7,269,6,93,4,6,44,100,2,39,19,83,8,89,195,44,4,86,1
86,13,7,5,4,7,12,195,4,6,4,17,66,106,5,8,2,3,4,5,4,8,1,5,44,5,316,7
5,6,7,74,5,8,5,10,8,32,11,3,4,89,5,125,5,8,89,82,5,6,6,9,89,195,6,44,17,5,8,25
12,4,5,4,28,76,46,25,66,73,5,75
12,101,5,44,5,6,93,4,2,74,13,13,7
74,34,8,7,74,7,74,5,8,2,5,13,7
1,119,35,10,7,5,164,8,119,13,2,119,57,35
74,7,8,6,11,5,6,7,74,5,7,74,7
5,25,74,17,98,5,0,119,257
31,8,1,135,568,119,5,41,19,41,433,4,168,39,40,21
17,8,2,67,8,162
119,1,5,41,29,113
20,152,5,41,5,101,152
181,274,8,17,8,5,27
5,98,123,102,39,343,72
5,6,7,17,1,243,14
41,4,140,292,5,101,152,14
13,1,202,292,5,6,93,41
119,712,84,6,233,10,119,89,34,5,93,7,20,9,80,170,8,8,6,11
49,119,460,13,1,5,1,1026,8,119,72
74,8,34,39,364,1,74,34,5,324,17,74,8
74,494,93,7,39,43,1486,74,494,93,7,3,5,795
119,286,6,743,119,2,4,571,5,6,286,286,119,6,13,8
135,74,8,5,6,286,2,140,1,119,171,2,55,39,80,8,490
202,6,324,75,117,461,2,55,54,5,6,1,2,100,44,41,17
80,11,80,353,93,7,97,8,5,34,119,1,97,11,609,44,7
119,44,84,243,1,31,11,292,5,6,93,41,612,8,73,164,9
670,119,490,8,8,39,243,5,494,225,1483,86,490,13,8,1
60,202,8,326,5,171,6,82,188,6,743,6,286,119,82,119,82,57
8,140,7,5,101,9,140,6,590,1482,2,119,326,101,38,325,454,8
74,5,200,8,9
60,202,202,5,292
119,23,365,6,460
12,6,4,4,450,5,2,74,135,5,11,12,101,13,1
13,4,4,4,4,4,13,4,5,10,4,71,5,168,8
225,44,4,5,6,9,8,8,8,6,269,93,4,2,3,5,7
6,1,2,49,1,74,54,4,12,4,41,21,5,6,93,4,5,7
4,13,4,4,4,4,4,4,9,5,168,365,4,8,71,5,180,210,4
6,0,5,168,365,8,6,4,84,1,1,93,6,1,5,168,8,4,4,4
142,4,5,4,11,194,6,7,12,195,6,93,2,39,74,5,6,6,27,5,7
4,27,109,5,6,9,5,6,9,6,93,8,1,185,5,7,8,2,3,4,6,1
4,6,4,6,4,6,4,27,6,62,49,5,93,9,233,1,8,35,5,10,4,233,8
7,119,5,4,157,5,49,5,4,9,39,393,2,9,880,13,49,21,22,67,5,27,4
12,4,5,315,12,5,6,4,73,6,11,6,1,125,220,135,220,5,7,12,4,49,579,1,5,35
15,579,5,1,5,6,13,8,5,9,8,8,9,1
5,6,125,125,1,2,119,195,5,7,5,6,164,44
13,4,8,49,49,717,51,5,13,4,8,5,13,4,8,5,13,7,8
2,34,10,13,4,93,6,4,5,44,5,44,5,93,6,8,6,93,6,1
12,4,13,7,54,6,6,41,32,6,5,7,8,2,7,74,8,6,7,6,41,13,41,54,74,180,5,6,7
4,6,4,74,5,6,7
4,8,1,27,137,5,8,17
49,4,5,13,6,1,13,1
4,6,4,6,4,8,5,1
5,1,4,17,5,44,4,17
5,1,4,17,5,1,13,8,4,17
164,6,1,80,2,15,93,120,5,8,8,8
5,1,44,2,9,4,17,5,13,8,4
5,11,57,7,4,17,5,11,1,4,6,4
12,196,54,112,14,342,7,5,8,9
8,74,5,27,12,54,6,6,6,1,54,5,6,1
12,315,12,169,9,1,50,195,12,12,141,6,8,342,11
12,4,5,27,12,12,63,6,9,9,103,2,390,93,1,9,202
36,8,5,9,36,4,13,41,4,2,387,169,288,290,2,187,73,211
12,2,74,4,5,390,93,4,6,125,5,11,4,6,125,12,4,12,5,9,5,6,9,200,5,11,4,6,125
140,54,292,6,8,2,77,5,41,75,6,2,373,17,269,44,17,1,269,66,54
13,4,119,5,49,86,9,2,243,324
454,125,390,93,4,12,5,9,142,5,6,9
200,4,9,5,326,38,93,93,390,5,8
8,17,6,6,8,6,8,8,73,56,5,8,5,41
12,8,5,4,8,29,73,6,14,187,29,236,21,77,8,21,14
66,77,5,41,5,155,67,6,41,101,8,40,260
12,8,5,4,28,29,134,5,6,11,7
12,8,6,4,4,12,14,5,390,93,4,8,7,9,12,4,5,11,7
8,74,5,6,13,11,12,4,5,6,2,33,12,7,12,8,10,7
86,5,34,5,35,86,101
164,155,119,5,164,57,5,93,164,8,127,6,4,6,6,27
101,39,65,187,244,37,5,48,142,56,142,5,34
200,4,1,9,5,8,12,12,9,162,12,8,617
12,8,5,11,1,8,1,8
142,195,8,1,87,14,5,125,5,6,2,14
5,17,34,7,5,7,2,5,8
2,60,74,4,10,6,8,6,4,5,6,390,93,4
12,8,8,194,4,5,164,63
12,8,5,135,6,93,4,27,112,14,5,8,25
86,5,8,2,74,14,1,12,101,4,5,8,12,5,1,12,5,4,63,12,14,5,8,11,1
200,4,8,12,11,6,1,12,5,390,73,5,171,5,8,656,454,454,6,93,7
13,44,2,4,74,4,44,308,5,4,63,373,17,8,5,11,8
101,2,314,57,8,9,5,41,441,54,2,39,441,54,40,5,9,2,5,8
86,13,8,125,12,292,38,2,74,21,292,2,525,13,8,5,390,2,170,8,38
200,101,12,93,90,39,119,211,12,171,7,12,2,101,19,4,72,102,11
12,82,7,5,101,6,9,93,7,5,8,25
12,4,62,12,195,169,353,11,67,191,6,1,8
5,154,77,5,155,77,74,2,184,106,63,5,191
12,4,2,3,4,5,4,3,14,10,7,21,14,101,9,235,14,142,195,21,39,77,9,164,7
13,4,119,5,49,86,9,2,243,324
12,4,162,12,8,616,183,5,63,1,49
12,2,74,4,5,27,89,5,4,5,125,5,93,1,2,195
8,74,62,2,5,135,8,12,63,4
112,15,8,66,27,146,201,5,7,2,8,7
12,4,5,13,4,62,10,125,7,136
12,8,17,169,8,74,5,11,5,4,27,51,9,5,63,12,157,5,4,12,10,342
12,8,288,14,541,113,6,7,169,4,71,5,125,169,8,13,1,716
12,4,13,4,39,74,21,5,9,5,8,13,4
101,28,5,6,8,28,5,9,437,2,40,187,5,9,31,41,211
39,3,4,5,4,17,5,17,2,74,4,5,4,5,6,2,3,5,390,125
4,74,12,5,4,6,4,6,7,183,5,63,6,1
12,195,4,966,5,191,2,155,74,134,21,187,174,5,6,4
74,54,236,41,4,106,54,8,325,154,54,93,44
86,13,7,86,101,5,4,6,5,6,7,89,4,21,13,7,7,2,119,5,4
431,13,7,13,4,86,9,9,86,5,8,9,9
12,4,5,2,74,4,8,4,12,8,66,7,5,8,25
12,4,5,4,63,5,8,4,21,14,8,235,5,2,31,4,450,2,8,164,4,74,4,135,119,13,8,13,8,13,9
454,93,4,2,74,4,171,454,5,171
211,93,1,2,101,127,164,8,44,1,200,82,578,8,74,9,286
12,4,6,390,2,6,8,5,4
19,4,74,5,10,10,8,12,6,8,2,67,14,8,21,5,8,8,12,4,195,12,46,25,9,66,12,10,13,7,191
12,4,181,513,73,11,5,67,6,8,2,67,14,8,8,576
8,249,8,983,72,21,187,73,5,2,187,73,28,150,5,75,76,8,9
12,4,5,8,200,14,12,5,4,12,5,8,342,14,5,616,10,13,8,12,8,4
4,74,6,8,169,4,8,4,157,6,1,51,15,84,11,9,1,9,8,8,8
40,195,66,17,295,85,158,14,74,6,8,2,14,158,5,8,63
12,13,141,86,9,86,89,8,4,86,5,4,26,26,9,5,1,2,101,74,37,4
142,8,5,4,5,4,5,4,21,8,54,8,4,6,8,119,358,8,5,6,1,5,6,4
454,9,8,66,8,6,8,2,74,8,8,66,21,31,8,5,63
12,8,12,5,93,8,12,101,74,157,41,4,41,41,4,181,67,206,187,75,4,41,41
12,6,8,7,5,8,7,2,17,8,5,46,25,74,134,5,8,25,60,102,5,8,2,533,31,72
86,86,195,7,6,7,86,9,5,9,454,8,6,8,2,5,4,109,180,9
39,101,8,2,8,6,7,4,6,4,63,74,135,8,4,26,14,63,40,5,9,454,9,5,4,169,63,582,236,10,9
4,5,8,4,6,4,288
12,8,13,4,11,44,9,13,9,142,4,5,13,4,12,4,5,4,5,6,1,5,2,19,5,49
60,55,5,4,101,74,4,11,187,73,236,28,134,9,15,40,76
200,4,12,5,8,5,27,57,195,12,4,342,8,616,11
12,101,4,8,4,200,44,1,112,4,11,474,9,5,7
12,6,8,5,4,5,13,8,12,4,13,8,13,8,21,5,8,5,7
4,2,102,23,74,9,101,46,120,109,225,5,8
86,5,4,89,14,8,5,8,17,89,195,6,44,17,8,6,7,119,8,27
12,13,141,86,9,86,89,8,4,86,5,4,26,26,9,5,1,2,101,74,37,4
12,14,4,2,106,54,106,5,8
12,4,73,5,8,2,984,101,1,169,157,4,17,269,125,9,5,63
12,14,4,28,5,153,151,74,155,249,106,195,202,169,390,292,976,11,140,84,5,9,5,2,40,29,388
5,9,45,84,6,2,74,5,8,25,5,2,39,74
169,158,292,5,638,2,521,5,494,2,119,494
36,15,41,10,292,296,88,34,29,6,4,4
174,37,29,37,10,292,128,171
60,0,490,685,13,1,5,2,756,35
6,8,17,82,5,1,8,8,520,1,8,86,1,5,858,93,93,5,605
30,5,30,173,105,39,65,39,65,128,30,61,8,5,62
795,8,9,67,74,712,8,74,712,9,19,712,9
97,712,34,80,90,81,8,5,35,8,568
119,712,365,9,243,712,181,7,9,6,8
174,82,8,8,286,3,17,171,9,211,11,119,2,187,4
8,75,6,154,55,75,300,11,153,38,877,878,8,5,11,194,6,254
141,134,9,78,106,33,6,9,273,236,78,179,33,6,346
74,5,9,208,5,11,74,8,19,5,8
206,17,60,67,66,74,5,125,74,8,6,162,39,527,63,2,74,14,67
80,290,8,1,5,6,9,208,5,6,13,11,364,290,6,73,6,188
158,15,73,11,74,83,5,41,4,66,67,56,66,67,482,73
10,32,134,93,8,648,5,13,7,5,168,9,10,34,10,6,6
101,196,5,93,7,106,1,44,1,44,101,74,4,4,528,292,292,174,10,93,1,61
158,37,6,173,29,5,8,158,14,39,40,37,8
12,5,6,8,28,5,175,244,76
12,6,5,8,2,5,34,141,790,791
169,29,236,1,39,78,153,5,191,5,278,13,191
106,13,7,26,6,4,4,101,74,4,4,1,44,1,44,528,187,288,37,9,174,173
9,61,9,152,37,6,4,4
29,5,292,195,31,292,158,14,7,11,136,82,39,67,101,67
6,8,1,0,97,35,5,34,6,34,119,6,35,541,543,33
36,712,819,625,670,36,490,670,491,36,490,670,491
29,195,292,31,292,809,7,113,14,101,63,2,74,54
17,187,6,4,4,2,39,11,90,11,220,9,220,40,37
6,8,6,7,57,5,324,87,82,88,262,93,9,140,88,1
29,37,1,49,61,6,173,6,30,244,37
158,37,6,173,29,5,8,158,14,39,40,37,8
301,2,896,454,33,11,86,86,5,311,8,17,8,8
41,4,6,15,73,11,67,34,1,80,44,80,119,56
6,8,28,75,5,4,11,7,6,8,7,7,196,195
101,74,4,4,66,66,2,174,1,49,10,1,13,7,50,1,120,44,180,134,15
319,319,230,194,9,230,5,13,7
74,8,66,6,32,4,5,93,7,6,4,4,202,292,41
292,10,292,174,2,39,8,66,67,8,17,5,93,7
13,8,81,57,11,347,5,57,5,50,5,13,11,379,6,9,1,80
61,5,41,8,8,8,6,8,9,6,4,4
164,1,293,5,11,7,565,5,6,17,8,195,6,9,8
20,93,8,5,8,8,6,63,11,11,8,1,169,20,93,8
197,13,4,97,1,15,8,97,56,9,4
11,9,5,11,5,84,6,7,9,9,1,185,15,6,4,4
13,4,2,74,1,7,2,74,5,7,13,4,6,7,13,4,6,4,6,7,84,13,8
158,6,8,5,6,8,119,13,9,119,1,49,6,4
91,5,1,8,5,1,213,21,39,126
31,4,4,63,2,169,1,57,37,3,37,1,784,164,9
140,39,336,21,93,7,325,5,326,6,786
26,5,8,25,2,187,73,37,9,6,7
2,67,8,13,8,356,11,74,8,74,135,5,8,356,8
150,5,6,75,93,75,39,40
57,5,6,8,4,119,33,13,8
2,528,288,37,6,7,6,4,13,1,8,119,37,32,7,5,6,9
12,4,8,7,5,4,6,7,21,74,236,4,6,6,7,39,202,11,180,5,6,27
2,101,74,4,9,67,4,7,60,67,5,125
169,194,4,4,9,90,158,82,5,13,9,8,2,39,167,152,5,6,4,6,4
5,1,51,81,10,6,8,6,1,80,6,35
2,169,73,1,73,10,288,8,181,63,18,8,9,73,5,164,11,4,13,1,63
31,4,5,20,39,202,74,4
31,4,5,20,101,38,39,202,74,4,4
57,13,8,93,1,80,39,364,5,6,4
158,18,7,18,8,7,158,290,5,7,119,9,49,74,4,4
1,120,32,8,4,5,6,125,2,7,9
9,9,6,73,2,101,3,8,5,6,6,63,21,6,8,8
6,1,0,32,93,8,4,74,5,390,5,2,140,5,2,31,211
39,371,390,5,171,5,326,2,4,3,211,2,39,336
1410,8,112,504,366,5,6,112,6,13,1,13,8
12,8,181,11,4,74,10,6,8,90,21,8,21,5,4,5,8,2,19,14
12,4,8,66,17,17,6,32,4,5,4,6,8,39,74,39,74,189,112,4,5,4,9
112,269,2,19,4,5,4,4,168,13,8,233,8,2,243,21,11,8,4
81,8,93,2,74,14,8,8,2,74,195,8,2,31,6,93,63
515,390,455,13,8,454,13,315,454,488,14,180,5,93,4,17,5,125,2,74,5,49
6,13,44,1,1,233,9,2,8,347,5,49,2,74,6,4,15
2,4,6,4,17,73,6,49,74,5,49,272,19,8,66,8,141,272
2,74,8,49,2,8,9,9,212,21,5,324,180,21,185,5,6,6,8,9,57,56,8,44,34,21
5,101,49,1,57,164,44,57,5,8,9,11,8,7,9,8,8,17,6,44,8,228
12,8,4,8,5,11,13,8
6,9,9,6,9,9,6,2,6,8,125,288,9,8,49,8,8,17,49,13,11,758,2,74,6,49,15
120,26,5,49,17,105,6,8,26,93,8,2,6,2,71,6,8,541,93,8,6,225
200,8,5,125,2,19,4,429,4,454,390,5,4,5,6,4
8,74,125,6,8,5,93,8,4,74,185,5,125,390,9,2,74,2,140,195,9,5,8
12,8,17,454,390,93,454,10,6,8,90,6,6,8,8,18,5,6,125,6,9,6,6,8
12,4,12,8,2,370,195,390
200,8,5,125,5,135,429,4,6,4,17,73,49
12,2,74,4,2,96,57,5,9,12,14,12,167,200,5,49
12,2,119,49,57,88,86,72,8,44,6,1,2,65,23
36,5,1,5,1,5,6,8,9,167,90,96,50,5,9,49,8,62
112,41,5,36,5,1,5,1,36,33,8,8,62,120,57,36,15,9,90
49,1,9,1,8,57,23,5,1,2,536,5,41
36,15,1,21,9,90,187,73,39,40,21,46,202,9,2,1470,29,37
300,169,39,1,356,2,9,3,5,4,4,356
101,1,120,109,13,7,263,176,5,4,2,4,176,15
86,8,89,86,33,44,8,5,63,263,164,6,1,93,6,1,93,6,7
6,1,9,8,25,364,13,7,8,1,9,15
12,181,38,454,187,390,215,106,215,5,154,2,73,66
521,521,521,828,712,521,9,39,848,8,5,235,21,21
454,40,8,175,41,2,398,2,55,5,6,215,187,39,40,93,316
454,5,286,937,11,454,195,46,29,8,175,702,187,90
12,8,71,5,57,12,9,90,38,140,5,390,6,7
480,311,5,1140,7,12,1140,7,474,6,9,83,480,20,390
454,40,8,175,41,2,398,2,55,5,6,215,187,39,40,93,316
12,4,6,132,8,10,390,5,390,90,93,73,106,180,6,73,5,125
12,4,63,71,5,57,181,9,20
504,8,7,6,13,8,86,431,5,263,13,35
86,5,34,86,6,93,4,35,170,8,170,758,705,4,35
453,5,6,22,7,5,324,106,5,6,8
5,6,7,106,210,33,1,453,33,1,49,164,9,1,44,49
66,75,49,39,205,8,5,6,8,39,74,15,34,271,11,5,6,11,8,180,33,5,11,2,80,82
11,9,93,8,93,8,44,1,1,1,44,185,5,7,6,93,6,22
5,6,9,34,119,5,44,9,4,8,9,5,6,4,5,6,1,8
2,39,243,5,13,7,11,1,12,195,5,4,235,12,22,9,9
36,5,1,36,46,31,6,1,897,297,5,34
36,49,2,80,758,57,57,1,185,5,8,11,101,20,28,54,1,28,5,8,191
58,5,4,41,5,4,6,9,5,7,2,66,8,9,73,5,1,49
74,5,6,11,13,4,97,13,4,1,5,8,119,5,8,5,8,11,2,6,8,8
119,13,4,8,11,5,8,119,1,5,11
74,14,5,93,8,9,13,4,119,13,4,1,5,63,5,8,11
74,5,135,5,63,74,14,13,8,8,119,13,4,5,63,5,8,11
19,5,8,5,6,8,8,13,4,74,5,135,5,8,8,74,5,8,13,4
5,6,6,8,9,43,189,5,8,188,5,8,5,6,8,2,5,8
74,8,6,9,125,74,5,164,6,9,5,63,67,5,6,6,9
74,2,67,9,0,115,2,74,211
19,5,63,4,5,125,2,74,90,5,11,9,2,93,44,9,3,195,8,125
19,6,9,5,6,8,71,8,103,5,6,8,9,66
11,8,737,5,8,39,202
6,9,2,145,8,6,533,9,5,11,8,288,82,14,202
12,195,5,9,12,14,8,200,14,5,8,12,195,5,8,12,14,6,8,12,14,14
12,195,5,8,12,5,8,5,1,5,1
12,5,9,5,63,12,5,9,5,6,27,5,6,8,6,8,2,3,4,5,4
200,189,5,8,11,44,12,5,8,5,6,27,5,8,5,63,272
12,6,9,5,8,4,12,14,235
200,5,8,9,12,4,27,5,366,5,8,8,9
12,5,8,5,194,4,5,194,27,200,56,9,13,4
12,5,8,5,84,200,5,9,8
86,5,1,5,1,200,1,8
518,5,13,7,21,20,9,2,65,6,9,2,5,11
6,6,8,73,5,11,8,66,24
3,8,74,5,11,9,5,6,8,5,1,49
5,11,90,67,82,5,6,8,5,6,9,5,8,74,56,5,11,90,6,11,220,5,1,49
74,8,6,8,74,8,5,6,93,386,90,5,93,135,90,5,93,125,90
74,8,6,8,74,5,93,8,90
71,8,2,5,93,8,67,5,8,386,3,195,8,13,4
74,8,5,8,2,5,125,5,6,93,386,90,5,93,135,90,5,93,125,90,5,6,6,8
6,8,2,67,195,73,67
93,8,8,67,13,8,80,5,63,6,8,67,93,8,67,13,8,120,74,1,5,63,261
74,6,8,19,125,5,13,9,8,13,9,43,11,44,5,8,125
2,8,25,45,37,185,37,6,173,13,4,65
5,101,29,13,7,6,9,68,39,202,8,8,73,48,39,67,8
9,5,326,39,77,21,358,326,211,286
39,65,5,8,39,252,39,252
5,6,164,73,39,67,62,125,39,274
119,5,292,39,80,195,8,119,14,2,748,187,4,747
209,5,11,93,1,49,13,9,6,6,11,11,1,85,80,9,4,324,35,6,6,8,4
5,9,90,67,5,1,13,4,8
106,56,84,44,10,9,5,8,17,13,4
61,5,44,5,1,65,61,56,61,5,11,8
140,11,171,61,8,61,8,211
2,5,0,39,65,54,29,185,37,11,5,173
158,37,9,208,6,9,128,5,173,174,8,48,128,10,73
2,5,0,39,65,54,29,185,37,11,5,173
6,13,720,202,5,2,39,140,173,110,211
2,60,67,8,63,125,43,195
12,195,6,1,27,12,195,169,18,5,8,8,142,195,8,1,8,3,28
6,13,4,2,74,39,120,51,5,6,13,1,13,7
1,8,13,1,119,86,8,17,366,119,5,7
86,13,1,2,7,5,4,86,195,106,2,8,4,73,5,75,5,191,12,101,187,29,441
200,5,93,4,2,140,195,12,12,5,93,7
12,5,93,4,2,140,195,200,5,1,12,46,4,13,4,101,66,200,5,1,504,101,101,12,4
710,13,1,2,7,8,86,140,10,4,5,4,86,157,420,14,11
4,6,4,74,5,7,7,93,11,11,4,6,7,12,84,11,9
12,4,6,101,8,4,79,5,4,14,12,11,13,6,7,12,101,4,6,4,2,74,1,5,168,4
89,8,11,140,5,1,86,7,8,5,1,49,8
521,521,9,638,10,670,521,5,6,1,0,17,895
454,5,171,169,169,29,2,8,1,17,66,73,23,8
12,4,8,169,8,73,582,5,125
454,454,5,315,937,11,454,5,171,454
12,101,1,6,8,17,86,8,89,5,9
12,13,101,12,4,6,7,5,6,754,12,12,5,7
12,8,2,8,71,5,135,5,8,1,12,169,4,73,44,1,67,8,25,12,944,73,175,101,39,77
12,4,2,181,153,8,2,67,8,17,25,12,4,293,4,134,6,5,7
27,74,7,8,10,7,89,15,6
93,9,11,9,4,6,4,74,4,5,7
61,17,17,13,30,61,5,6,62,207,5,6,30
12,2,5,8,2,5,9,49,57,5,4,21,75,96,6,2,77,23,79,39,646,8,17,175,28
12,8,12,12,12,5,6,8,49,120,169,187,29,5,41,925,181,19,5,6,0
26,169,2,39,67,6,4,10,2,3,4,5,6,4,4,74,5,2,3,10,63,4
12,2,5,9,150,8,6,233,8,200,33,8
1,2,74,4,5,7,1,11,9,7
12,82,6,4,386,10,44,7,208,5,11
209,5,8,11,8,27,135,73,5,44,321,26,5,8,157,157
57,233,9,32,1,164,8,185,5,6,6,4,6,2,67,5,8,9
39,199,5,1,2,80,5,8,5,88,32,233,9,2,9,120,57
12,6,7,150,149,5,9,200,135,12,4,467,5,168,8
86,14,5,1,112,7,5,27,93,4
86,195,8,7,12,7,86,27,7,647,101
12,101,12,5,4,6,4,157,549,12,195,11,5,153,17,2,41,5,191,12,4,11,11,28,5,131,12,135,450,195,5,9
142,142,44,5,44,6,6,6,17
195,74,4,6,7,12,14,4,6,200,14,9
12,6,7,8,11,12,7,12,211,11,44
10,11,9,8,4,74,4,6,7,5,6,164,7,100,201
12,8,12,5,6,7,71,5,7,2,74,2,74,7
12,4,26,93,44,86,86,5,8,12
101,39,103,56,8,71,5,88,2,9,120,57
101,74,4,528,288,9,5,8,25,5,265,5,6,13,8,2,74,6,7
5,44,2,5,13,7,2,93,6,8,2,74,4,6,7,390,6,49,4,6,7,4,93,13,7,3,8
12,5,6,13,44,2,101,5,1,12,5,164,8,15,12,7
101,5,6,4,140,7,180,5,27,164,7,8,2,74
12,56,4,6,1,200,56,5,6,7,390
5,9,74,8,11,2,66,8,5,13,9,9,1,233,13,8,2,364,9,5,8,6,8,288,5,8,11,1,8,6,11,50,9
8,71,10,7,2,19,4,6,7,200,15,5,4,6,4,6,4
12,8,86,13,1,377,5,4,12,101,8,34
12,4,5,8,106,153,5,41,4,2,6,219,11,8,17,17,295,1,73,17
101,28,169,149,28,8,2,14,2,39,5,75,735
8,25,188,25,73,12,136,119,9,1,86,5,1,147,5,1,97,6,9,523,101,187,41,180,76
169,10,90,140,6,8,12,10,164,8,12,5,1,86,523,101,187,41,180,76
12,8,86,13,1,377,5,4,12,101,8,34,377,5,4
86,93,13,4,5,6,9,20,140,195,86,8,63,4,17,4,17,4,17,504,101,21,21,14,235
86,5,311,17,39,716,86,34,86,86,8,63,86,8,5,35,1
538,8,8,202,195,9,748,13,8
73,8,5,13,11,73,1,5,13,1
2,101,6,1,67,5,101,1,119
101,441,26,54,5,30,2,244
8,187,2,8,2,77,5,8
29,181,40,76,73,8,46,403,8,76,36,5,8
103,5,63,39,67,43,14,39,67
17,66,13,11,5,125,125,202
169,67,5,39,40,67,39,40,14
9,38,5,101,29,17,17,66,188
43,5,63,125,39,677
1,8,106,41,154,140,290
241,75,41,184,153,41,44,8,54
18,8,5,49,6,49,3
101,5,25,106,215,54,184,8,76
2,101,1,77,39,77,5,292
269,6,41,453,5,41
774,8,5,8,5,168,49,513
5,39,8,84,292,90
2,34,106,8,5,101,39,241
11,74,63,63,195,67
202,63,6,14,606,5,228,9
63,74,5,11,39,6,14,5,13,8
41,74,39,40,5,44,8,67
187,29,626,17,17,5,8,67
66,1,321,5,8,67
5,101,316,1,409,6,101
77,8,67,76,5,75,74,11
11,8,27,5,181,39,67,754
9,29,84,181,699,5,9
2,29,5,8,515,5,9,292
2,39,5,41,596,596,44,54
343,8,5,63,6,162,17
2,5,101,119,27,6,27,39,97
77,32,8,15,19,11,63
195,202,9,6,9,6
9,202,236,9,1496
39,77,5,238,9,66,18,8,76
2,45,8,5,1,315,39,527
5,101,29,249,358,75,1502
16,1,101,187,157,6,5,13,9
140,285,202,5,13,13,9
8,8,67,73,5,11,43
119,49,13,49,49,5,13,17
8,5,194,6,8,39,67,62
288,5,8,67,17,73,4,27
9,8,318,135,5,4,67,63
8,8,19,63,125,21,5,8
17,21,5,93,8,93,1,6,8
347,5,8,57,32,8
109,67,15,202,93,17
2,1,66,73,5,63,4,45,76
8,73,11,73,73,17,5,8,17
73,288,5,6,8,6,470,49
309,140,9,93,8,5,388
100,44,119,8,38,521,5,659
101,74,4,6,7,6,164,11,74,54,4,13,1,66,74,5,32,14,8,7,2,7
146,4,6,7,5,10,4,8,201,4,8,7
86,8,57,1,8,8,8,49,49,180,13,1,5,7,5,6,7,6,4,6,7,15
12,4,27,27,4,27,13,7,11,185,5,18,9,6,1,13,4,35,35,49
243,57,5,6,4,89,1,579,44,49,13,4,84,185,5,4,5,168,4,6,7
93,4,93,125,119,9,5,233,7,7
4,6,8,4,8,1147,9,9,5,7,4,8,101
1,49,1147,5,7,49,6,6,8,9,8,8,1418,1293
49,1246,9,1244,5,25,181,1237,8,1419,1
1246,93,6,8,25,6,49,13,49,6,8,25,1148,5,1229
86,6,44,93,1,9,2,736,4,19,6,6,7,15,185,366,93,6,1,13,7
2,11,8,17,66,10,9,7,11,8,17,74,5,7,10,27,90,195
5,10,5,5,10,8,93,1435,1261,1257,5,7,7,93,1210,5,1295
36,101,8,5,8,7,377,13,22,185,189,10,90,72,98,6,98
70,723,22,5,20,112,72
36,5,88,8,44,10,44,1,13,8,9,44,8,9,9
13,6,73,23,22,49,604,90,2,66,22,106,8,98,106,72,9,20
4,13,7,17,66,2,123,9,8,25,970,75,257,2,6,21,75,5,20
28,2,236,8,96,76,28,28
86,88,180,263,49,6,11,5,324
5,101,202,9,39,67,8,8,2,17,288,5,17,5,101,67,8,408
473,9,19,445,63,445,125,5,101,67,67
5,101,45,63,45,125,2,120,17,63,63,90
5,292,40,699,5,8,244,21,181,45,54,181,152,5,292
682,4,12,28,8,117,5,1,5,67,73,14
39,0,34,195,8,80,9,44,14,67,169,288,39,14,5,46,288,195,8
2,145,11,32,5,10,4,1,199,5,6
169,331,228,188,154,101,210,5,180,5,35
9,4,8,5,44
4,4,41,12,84,44,5,44,774,188,44
28,28,5,7,9,90,28,211,2,140,324,1
86,8,5,228,26,646,1,79,181,9,20,72,89,1,12,8,5,4
12,15,664,1185,5,8,67,8,37,2,73,187,2,54,8,17,25,37
86,1,225,5,9,39,119,2,8,73,73,15
86,5,4,86,169,4,39,169,79,93,8,25,39,77,23,8,17,2,66,4,2,106,106
12,8,5,6,7,12,63,200,125,195,142,8,12,5,8
12,1,5,35,2,119,88,90,112,1,5,9,2,3,21,33,39,74
12,32,11,142,1,10,8,90,515,11,5,8,4,183,12,5,125,21,12,17,41,1
12,1,5,4,167,74,134,5,8,12,167,74,54,5,8
12,4,66,106,5,8,2,39,106,14,39,468,6,8,74,6,8,74
5,6,9,97,11,8,17,431,5,262,6,306,6,1,6,1,9,11,262
66,150,5,49,5,6,9,5,6,27,5,6,2,14,120,80,5,8,5,6,27,120,748,11,8,80
119,13,7,8,5,754,8,5,63,306
49,80,11,6,9,39,67,8,5,93,13,7,119,49,5,93,6,9
8,5,63,44,6,306,80,13,7,8,11,8,8,80
74,8,8,10,49,6,44,2,80,101,80,8,5,135,35
86,13,7,8,2,3,4,5,4,101,119,35,101,119,8,162,5,6,27
12,4,4,13,4,271,11,90,13,4,6,7,1,39,119,33,142,4,4,5,13,4,365
12,56,4,5,6,4,2,363
164,13,4,80,5,93,8,9
6,6,8,164,4,4,6,4,5,93,8,80,9
6,457,49,2,74,4,4,5,6,4,262,6,17,6,6,11,85,1,11
5,13,9,1,84,57,5,49,6,13,7
12,4,5,8,8,5,57,5,13,49
12,4,5,8,1,4,27,5,6,4,2,3,4,5,4
119,82,5,6,286,5,6,8,8,119,5,8
119,5,6,13,8,2,199,56,8,119,5,8,9,243,56,6,8,8,119,5,8
20,26,33,119,39,80,141,5,8,1,4,27,80,119,56,8,8,5,125,5,63
0,457,164,17,6,73,6,8,2,74,4,4,5,6,4,10,4
0,457,164,13,4,6,73,6,8,2,74,4,4,5,6,4
0,457,164,13,4,2,74,4,4,5,6,4,10,4
19,8,5,9,13,4,74,5,8,9,74,5,414,5,93,8,93,44,38,10,8,80,13,49,347
6,13,8,63,11,39,67,5,63,5,32,1,2,43,4,17,67,358,6,6,63
6,13,16,4,5,9,73,39,67
62,125,62,125,39,274,33,34,2,6,27,5,63
5,8,67,8,1,4,5,8,44,74,8,5,125,5,63
3,8,6,8,8,5,8,63,74,5,6,8,63,74,5,11,2,6,8,1
74,8,5,11,90,5,8,93,9,9,5,8,6,9,11,74,5,194,8,6,725,5,63
119,5,41,5,13,7,187,591
89,13,7,13,6,306,120,13,1,120,57,5,51
89,5,34,13,4,10,164,8,168,11,11,9,5,168,1,8,11,89,56,13,8
179,5,49,13,4,119,13,7,5,366,5,49
36,5,49,51,4,27,6,13,7,21,5,93,13,7,6,8,185,5,13,7,39,67,13,7,8,32,13,7,5,8
13,101,119,49,21,5,324,6,8,13,4,13,27,2,3,4,5,4,5,49,101,119,33
8,17,9,11,8,6,346,80,14,5,44,49,538
6,180,5,8,3,8,5,8,8,9,8,67,5,8,6,11,5,8
11,2,67,8,1,8,5,8,5,6,4,80,5,6,4,80
2,65,9,312,5,8,73,37,209,44,128,13,4,30,128,59
86,90,5,6,4,10,4
12,39,169,77,72,2,5,101,106,159,8,106,72,84
187,29,5,6,8,25,2,187,496,2,77,5,547,191,2,67,73,5,73,5,9,2,203,27
455,390,4,4,5,164,9,90,2,74,2,9,90,74
8,4,17,8,6,8,2,5,13,9
12,56,4,6,7,5,6,4,34,1,13,13,7,120
8,66,74,6,7,5,164,8,2,119,101,13,7
12,4,4,5,35,13,6,6,93,13,7
2,17,17,101,30,61,9,2,5,101,61,13,4,39,67,4,24
8,8,170,8,77,5,9,2,8,8,11
19,5,6,11,9,9,9,1,269,8,6,8
12,4,12,5,27
38,170,9,488,5,4,60,202
390,38,484,5,171,101,414,176,171,39,103,378,4,90
488,390,454,74,41,4,140,292,4,74,41,5,57,2,29,215
12,4,390,5,63,8,74,759,5,4,5,13,4,8
60,14,6,13,7,54,8,21,5,41,225,9,21,8,1,36,6,155,5,6,13,13,7
12,6,4,6,7,12,7,32,49,9,86,5,7,49,119,7
12,8,7,9,12,7,8,66,27,51,9,5,63
480,44,11,5,10,7,9,9,119,60,60,39,119,9,8,13,49,57,35,5,6,7
12,4,288,9,49,364,9,7,200,4,8,17,8,66,5,49,201,504,13,7
11,8,40,236,8,10,7,323,8,5,41,7,19,5,41,10,49,2,29,5,41,2,140,125,5
86,9,9,142,5,4,5,8
12,8,101,12,181,365,5,101,140,8,101,4,1
12,4,17,12,5,7,7,86,6,13,7,5,4,28,72,9,1092
12,15,4,17,20,40,24,21,24,6,93,9,144,9,5,6,7
454,10,1,5,4,1003,5,1,0,12,63,8
12,6,11,549,142,8,6,7,10,1,21,2,373,73,13,4,8,4,101,103,135,12,6,4,5,8,86,8,11
86,6,8,5,4,151,10,75,5,4,75,39,79,2,102,5,6,536,9,21,72,6
6,9,4,157,194,44,74,5,7
49,364,212,5,7,1,11,8,93,1,1,8,8,2,5,93,8,8,86,86,7,93,7
101,154,39,202,3,4,14,8,63,549,4,8,5,63,2,39,106,5,2,130,4
8,11,67,10,7,8,11,67,10,8,71,5,10,7,8
6,164,2,3,4,21,5,6,49,9,8,8,25,93,8,8,25,6,11,7,6,11,7
6,11,119,8,12,8,5,13,8
12,8,5,8,86,11,11,13,11,86,11,12,8,5,8
89,4,21,169,8,57,4,21,5,8,12,61,26,5,8,93,90
4,74,9,5,7,112,11,6,265,7,13,7,7,13,7,49,6,2,67,43
454,9,90,5,49,6,13,4,74,4,6,8,8,6,6,8,160,195
200,4,5,7,7,650,7,2,5,13,7
12,4,17,148,2,74,8,5,6,11,11,5,21,4,75,5,8,163
12,4,39,2,17,66,175,8,13,7,66,1111,4,6,5,7
12,4,5,4,39,40,76,2,106,5,6,4,1111,4,32,6,5,7
39,74,4,21,5,4,5,8,63,2,115,4,5,4,4,71,2,19,5,4,5,7
12,4,5,4,5,46,66,386,5,4,187,69,21,5,7,117,154,8,28,507,5,4,6,17,2,29,27,54,6
6,9,5,63,6,44,66,269,6,8,93,1,1,9
93,9,5,315,6,9,6,315
200,4,8,12,5,11,5,73,12,12,2,516,4,12,8,8,73,5,9,97,9
200,4,5,4,27,74,6,9,5,63,200,14,8
12,4,5,135,5,8,12,101,93,142,200,5,17,5,63,454,9,63,12,5,27,11
12,4,8,2,317,4,43,160,4,5,13,9,12,194,6,8,101,194,13,4
12,4,5,39,77,8,187,2,5,6,2,507,77,5,6,2,634,241
12,4,5,135,200,5,41,12,4,5,169,29,1,155
12,4,5,179,21,2,73,187,5,41,157
12,4,5,9,145,9,5,6,233,11
174,1,56,5,6,324,2,435,87,1,49,420,13,366
187,169,508,8,93,8,6,8,164,9,5,6,11,13,7,286,286,6,11
26,1,5,20,26,26,8,6,4
101,639,364,6,164,49,49,39,8,846,2,5,6,0
820,2,113,101,74,63,54,528,71,490,5,685,39,29
101,5,25,622,823,5,494,2,74,4,670,39,895,33
12,4,5,13,4,8,106,2,140,9,7,208,38,5,6,6,17,5,6,6,6,17,820,101
36,2,5,6,164,2,370,9,7,643,36,5,6,285,211,39,140,208,7,326,454,454,101,38
74,2,65,61,11,1,120,6,4,39,80,8,10,9,4,39,67,5,6,39,80,14,39,80,39,103,8
6,5,1,31,6,13,13,7,2,97,5,88,119,5,4,35
5,20,26,1,26,441,2,39,74,6,6,4,99
6,5,6,31,2,383,6,11,101,465,1,8,44
40,54,5,49,244,56,2,120,119,10,4,6,35,101,120,101,119,8,243,44
8,73,8,101,35,57,9,5,101,119,89
1,364,8,1,80,5,366,41,119,101,181,65,326
2,101,74,4,1,26,9,26,5,7,9,38,9,343,171,8,171
225,8,286,101,371,326,8,8,103,82,5,1,8,8,9
101,74,4,1,210,199,11,9,7,150,149,73,5,44
5,181,244,152,80,169,90,324,39,80,180,169,6,4,74,33,9,39,80,14
364,35,49,1,44,101,2,152,5,290,5,233,11,6,4
87,5,6,41,5,533,21,8,8,6,8
101,74,4,26,5,1,26,26,164,8,46,25,10,17,26,82,26,8,299,86,39,79
491,11,169,187,288,9,5,8,25,8,262,2,5,1,39,97,292,86,82
169,120,57,24,5,13,8,10,180
101,74,4,1,13,7,173,26,5,30,26,8
2,39,174,5,30,39,296,6,180,56,10,7,5,13,9,8
491,494,492,491,5,1,9,2,74,4,12,5,8,125
119,164,7,2,10,7,21,5,35,5,263,11,2,39,174,39,140,5,41
101,74,4,1,13,7,173,26,5,30,26,8
2,39,174,5,30,39,296,6,180,56,10,7,5,13,9,8
491,494,492,491,5,1,9,2,74,4,12,5,8,125
119,164,7,2,10,7,21,5,35,5,263,11,2,39,174,39,140,5,41
393,11,8,6,6,1,2,393,2,393,2,119,35,2,393,2,537,33,39,137,39,137,8,5,13,9,80
117,101,6,4,140,93,8,8,5,13,8,8,13,73,6,188
169,54,5,41,533,292,187,29,101,25,8,596
119,5,13,306,49,2,243,21,5,1,120,119,13,1,49,141,97,6,7,6,7,5,292,2,29,5,306
12,4,195,28,63,4,2,8,6,29,5,13,7,5,6,4,158,93,6,7
101,169,187,917,913,8,174,5,171
5,101,202,11,363,6,18,82,93,8,6,1,101,13,8,137
26,20,1,441,6,7,6,8,441,2,24,8,2,8,61,7,9,220,5,7
5,101,29,1,434,13,41,75,11,67
80,39,8,119,93,9,80,9,35,6,88,20,34,10,7
119,13,9,119,13,8,80,7,17,8,408,8,11,5,6,153,140,9
73,7,5,1,8,8,8,5,6,27,9,6,27
6,324,7,2,101,434,5,6,35,41,591,39,152,141,6,35,57
243,1,60,8,60,9,74,8,8,5,13,8
71,7,171,8,5,13,1
13,390,106,7,101,119,39,923,390,9,5,13,9
7,9,382,247,21,187,29,5,6,171,152,7,67,7,45,14,4
187,926,7,141,5,162,39,119,2,434
80,11,7,9,10,7,807,5,35,6,4
6,4,5,7,21,5,4,27,27,43,14
174,5,1,187,8,158,10,1,244
2,7,8,101,8,119,7,1,243,101,306,1,5,13,8
324,86,119,12,34,5,101,435
36,33,5,8,8,5,10,40
7,39,425,5,8,39,79,39,79,8,22,6,367,2,134,606,8
73,5,8,73,5,9,73,73,73,11,5,162,73,11
187,8,29,6,5,7,7
29,5,41,21,21,9,5,6,2,31,6,1,66,6,17,74,1,13,8,21,14
29,187,185,5,41,5,6,11,29,6,11
29,187,41,5,17,5,17,67,1,2,10,6,8,5,6,8,101
29,187,41,5,93,13,8,141,1,21,120,9,120,33
39,77,5,155,180,5,191,39,77,13,8,2,9,38,46,67,1,5,191,3,5,6,341
11,9,2,29,6,11,90,38,5,8
39,77,181,74,1,49,119,49,0,2,39,9,106,5,25
6,9,28,17,6,9,28,101,5,25,93,25,74,1,5,93,39,67,8,27,9
2,6,31,6,6,9,9,5,101,74,6,13,8,33,21,17
11,8,2,31,5,11,2,11,49,2,288,15,6,49,11,49,288,15,6,49,29,101,25,8
2,29,5,41,32,9,21,5,8,2,31,5,11,2,101,8,8,9,315,373,73
8,10,80,75,49,6,5,153,39,67
117,149,5,13,1,2,6,1,214
28,8,9,101,9,2,39,77,181,67,9,5,11
2,137,1,8,5,11,81,2,67,6,8,2,9,6,67,8,101,67
28,8,316,217,153,13,182,117,13,153,13,175,28,2,5,6,0,250,1,8
5,2,39,103,10,8,202,93,8,145,93,5,8,31,8,5,8
67,8,5,11,74,11,202,5,1,2,333
2,5,6,8,1,43,8,5,6,71,2,17,2,17
183,4,6,4,5,125,4,27,14,549,11
101,4,1,103,153,5,4,41,2,66,598,5,8,17,6,11
12,4,9,2,7,7,13,8,8,12,5,7
169,187,73,8,6,4,1,180,14,225,27,9,1,93,8,44,8,8,44,1,13,4,22,8,20,5,7
96,79,1,5,7,8,191,1108,134,44,5,6,7,66,184,56,7
142,5,8,44,1,27,162,8,3,1,5,1
200,5,1,5,13,8,11,9,11,8,12,6,17,4,6,17,7
36,7,32,41,101,36,4,32,5,41,7
200,4,5,63,2,3,36,6,4,41,36,5,6,7,2,3,4,36,8,6,4,13,7
2,67,153,9,5,265,11,2,143,662,236,10,9,20,2,106,82,8,2,29,191
1,5,262,57,49,13,8,4,2,74,4,8,180,4,2,8,63,185,4,88,1,109,34,6,7,57
101,19,4,44,4,5,6,4,2,74,13,8
101,74,4,7,5,7,5,93,8,10,7
39,158,35,5,2,29,480,84,169,39,343,54,6,93,215,106,5,9,2,29
10,44,1,8,269,10,44,8,43,5,11,9,201,8,6,8,7
12,4,7,5,6,7,1,9
12,8,4,35,13,9,19,5,10,13,57,57,6,6,8
504,13,7,11,38,86,13,7,2,364,5,4,13,35
39,49,49,119,8,8,8,1,167,8,401,5,4,261,131
2,4,315,476,8,11,377,5,34,17,195,203,5,20,2,101,11,134,44
6,7,4,6,7,57,8,5,63,579,1,57,93,6,6,7,6,1,758,35
12,29,5,6,7,50,5,1,11,2,6,482,73,12,4,39,1,0,80,8,63,8
12,4,17,4,2,5,2,67,1,14,244
12,12,4,5,27,21,4,12,8,5,6,7
183,4,6,4,7,5,4,21,960,5,4,74,4,5,75,504,44,39,119,21,5,7
12,4,5,93,62,183,12,5,6,27,9,101,13,7
200,1,5,13,6,4,39,67,17,6,8
200,1,5,262,308,93,6,4
474,6,93,4,8,66,21,8,225,44,5,6,4,93,8,4
