878,4,16,823,345,50,16,52,17,823,50,879,10,17,823,50,879,17
110,22,18,50,3,2,4,60,4,3
62,50,68,47,64,64,748,240,86,4,4,4,3,4,3
73,4,4,1,4,262,425,4,3,193,3,30,4,23,24,3,23,50,26
28,4,15,4,4,4,272,4,220,83,98,4,103,3,215,4,4,50,4,4
73,118,32,126,299,3,4,22,3,28,4,3,4,6,186,50,4,80,4,13,161,12,1,322,3,4
268,180,33,75,284,134,152,134,345,350,62,50,4,50,4,554,4,3
80,4,4,357,4,98,153,324,139,50,185,3,274,2,550,356,67,4
28,3,4,3,274,4,4,50,4,15,799,5,24,3,50,229,50,183,50,5,4,4,24,3
67,4,4,41,50,17,309,50,589,50,284,2,150,4,4
126,104,4,274,274,4,4,50,4,352,32,4,3,207,4,767
837,103,50,3,28,4,155
15,50,3,379,73,118,32,4,291,30,3,98,4,165
67,4,162,875,878,50,63,875,4
717,50,3,717,4,357,357,87,4,883,717
4,41,5,6,50,285,203,865,865,291,11,149,865,203,865,104,3
58,2,932,4,2,41,4,50,574,252,103
236,66,4,45,235,235,4,45,938,50,236
28,3,4,3,4,66,4,103,4,4,32,50,132,39
15,429,357,50,357,4,4,3,324,4,4,50,63,4
878,4,16,823,345,41,50,16,52,17,823,50,879,10,17,823,50,879,17
147,4,4,252,234,23,24,2,126,32,50,4,15,340,79
158,876,2,50,4,45,66,345,4,4,620,4,4,887,2,19,3,4,3
4,46,3,32,4,96,484,4,33,50,117,294,3,123,4,33
67,3,4,180,4,4,387,50,292,85,24,3,67,3,4,274,4,4
28,4,6,139,50,80,4,13,161,12,1,322,3,4,4,773,1,4,430
294,215,50,58,66,4,4,776,1,503
28,267,126,267,50,4,126,28,80,322,3
28,4,40,3,50,72,2,778,4,176,88,4,88,215,41,430,4,425
4,28,3,4,60,4,220,3,4,220,21,274,2,4,50,153,2,3,550,4
28,3,4,3,28,4,3,274,4,4,274,50,38,50,781,50,782,50,4,4,50,24,3
274,3,4,4,50,153,3,50,4,424,4,24,3
98,3,3,4,4,544,3,4,3,50,1,4,2,62,4
15,601,50,5,24,3,15,50,229,50,183,604,530,796,5,24,3
15,4,272,50,4,241,9,88,64,15,27,3,4,4,4,128,98,3,3
1,4,4,3,85,114,30,3,9,3,9,4,30,3,816,114,50,4
67,4,69,387,277,5,387,3,161,50,5
507,3,12,45,4,3,4,3,40,3,4,3,165,50,185,4
32,3,4,17,11,88,153,43,742,114,4,50,153
15,12,840,429,4,2,32,15,17,50,2,839,12,12
837,5,484,4,3,50,3,50,3,1
4,73,4,3,197,58,4,14,357,843,844,778,119,50,3
28,3,4,3,277,4,58,98,109,3,20,220,324,50,63,404,274,4,4
4,3,294,67,237,62,160,23,50,3,3,847,4,4,10,4,10,15,4,112,14,32,247
850,3,50,5,65,2,66,3,3,2,554,4,3
4,4,1,4,66,19,4,46,127,106,5,103,4,50,110,32,172
28,4,381,126,43,3,4,200,4,3,4,22,20,45,23,50,4
12,2,22,3,50,3,16,17,3,22,43,17,3,22,161,161,17
28,126,60,4,4,15,22,50,62,5,3,30,22,144,22,15,4,4,3,15,4
1,50,4,4,1157,2,3,14,811,2,98,4,1,50,183,50,245,50,246,50,4
3,3,29,731,2,50,4,29,150,155,409
60,4,147,4,43,3,4,19,2,19,50
4,28,240,284,4,3,4,2,1,3,4,3,4,28,4,2,41,160,50,4,45,240,284,4
83,3,11,51,18,1060,18,15,3,17,18,284,3,50,47
1370,2,50,63,127,66,4,768,16,200
4,112,23,4,50,24,4,4,4,4,4,1097,4,4,284,4,2,240
28,4,22,112,15,1,2,73,24,50,1,50,59
365,3,565,18,2,50,916,17,11,916
4,67,22,5,2,298,226,15,22,50,3
197,1,3,5,2,66,59,4,45,235,50,260,1,3
240,106,45,4,666,324,4,50,5,404,191,160,5,4,405
15,17,70,22,3,50,3,22,3,50,3
66,22,3,160,392,356,285,50,4,68,1007,147,468,284,22
197,1,3,5,2,66,4,45,235,50,260,1,12,22,3
17,162,11,22,3,4,3,22,3,50,3
50,132,3,2,132,2,132,4,3,256,2,256,4,3,4,3
17,11,4,17,3,22,3,22,3,4,3,50,3,3,17
15,22,23,50,4,21,4,5,284,3,4,181,4,1423,4,497,283
28,4,41,4,4,4,67,422,50,4,50,2,45,23,4,306,50,274
139,4,3,28,3,4,106,50,384,2,220,75,4,121,165,4,4
139,118,39,204,72,430,4,14,414,4,50
505,3,4,5,103,28,14,787,126,477,50,17,1343,4,3,4,80,20,4,461,80,20,4,64,103,4,1
40,5,103,367,50,30,28,3,45,4,3,45,4
28,3,4,80,85,13,1,3,32,875,4,3,22,50,3
21,58,58,281,3,140,3,1017,3,22,3,50,386,819
281,197,3,4,86,367,190,50,11,43,51,58,197,3,281,32,4,86,689,689
58,356,258,1587,4,28,4,3,28,32,67,98,4,3,50,50,387
80,22,3,50,284,523,1081,32,3
28,4,3,180,126,4,66,22,50,3,110,150,109,87,102,220,41,4,4,312,3,3
15,73,3,4,1,0,916,567,62,4,50,300,1435,306,4,80,1069
22,3,3,22,3,23,58,50,4,528,567,472,468,293,3,5,419,419,30
197,1,3,216,2,66,2,109,4,45,235,50,260,1,12,22,3
3,4,3,22,50,3,17,16,3,22,3
4,4,41,3,176,503,4,5,419,0,3,1,50,121
15,40,68,387,4,3,45,28,4,22,3,45,173,50,109,760,3
505,3,4,3,21,4,3,50,490,28,4,4,6,176,3,4,1,4
15,4,1309,50,984,153,2,91,41,4,50,4,442,5,2,66,613
3,4,29,265,29,110,50
392,50,4,507,196,102
3,381,4,825,4,5,24,2,1400,1241,50,4
991,90,403,50,666,127
4,274,50,121,158,504,188,46
4,126,1829,332,410,50,4,4
4,104,63,50,137,144,322,96,322,1184,647,437,3
220,50,410,3,28,4,126
74,42,24,33,14,50
4,28,4,32,125,260,235,50
417,50,1441,5,97,50,158,121,4
4,60,4,520,4,4,4,1184,137,50
403,1308,50,1095,153,4,226,1308,4,4
4,4,4,139,118,4,5,151,125,50,6
4,3,50,81,22,39,50,5,24
4,574,110,50,108,262,226,4,62,4,233,798
118,137,30,1251,359,4,700,50,522,124,1047
102,170,79,690,165,367,50
366,50,3,57,45,1097,4,41,301,700,74
139,4,50,3,1740,50
1352,50,4,430,928,4,15
80,40,655,4,81,538,50,4,229
4,50,47,979,424,1212,30
220,395,976,49,50,5,385
92,394,50,476,29,1841,24
394,50,4,150,333,4,41,4
60,4,126,4,3,4,50,50,5,24
4,287,39,50,554,226,4,160
50,746,369,5,151,64,798
568,12,301,1154,50,579,798
764,88,1115,110,50,121,73,143
488,24,3,81,50,4,131
4,3,15,4,110,50,229
4,647,4,647,3,50,229,76
65,3,5,266,50,5,66
274,1371,80,3,4,655,522,172,50,3
653,3,92,50,4,3,4,4,19,3,4,53,222,14,301
4,32,96,284,4,50,50,4,1104
285,9,50,4,97,5,1011,503
40,116,4,58,387,50,386,229,45,127,9,1549,2,824,20,386,229,1107,752
119,39,220,119,50,225,1261,2,220,119,329,45,706,121
64,28,4,4,17,313,0,50,174,883,50,175
28,4,4,0,98,50,30,5,24,4,5,296,4,4,289,5,43,4,4,289
45,240,4,4,3,45,47,1241,23,466,50,4,15,377,50,4,694,172,15,9,17
1377,148,4,3,1184,4,3,4,22,32,4,74,507,45,64,387,50,292,50,4,4,987
3,50,40,98,708,682,3,3,4,804,80,1249,174
3,249,392,50,150,794,237,903,155,1006,4,458,123,795,1659,322
507,3,4,12,45,4,103,4,237,724,1490,50,229
4,4,1,522,491,853,503,420,288,1,678,703,50,4,31,4,4,64,4,111,283
2,212,425,4,1041,455,28,53,3,930,283,4,423,50
4,4,423,217,50,23,24,1029,3,4,220,263,4,229,58,4,283,4,22,141,4,24,4,554,4
1257,283,1166,415,4,430,50,44,50,88,174,44,767,767,88,174,743,743
55,1,3,50,3,1029,3,274,4,681,24,649,176,229,79
15,12,45,62,4,3,237,1096,5,103,5,1096,1176,1176,397,50,5,225,24
15,12,45,262,99,4,5,225,32,50,3
15,3,22,50,5,24,12,45,15,3,10,4,10
15,12,45,15,343,3,29,4,128,58,4,283,50,4,50,4,283
15,5,197,5,225,32,50,3,50,4,17,17,206,22,3,249,485,4,485,486
15,2,4,50,4,635,24,4,3,206,22,3,249,4,50,15,973
89,3,4,3,251,50,229,291,277,217,3
40,4,3,377,39,127,30,171,3,1223,127,50,174,1223
28,62,907,412,50,63,62,907,412,50,63,528,567,171,3,127
119,3,50,4,119
119,39,220,119,50,225,1261,2,220,119,329,45,706,121
4,4,563,4,4,50,15,184,215,60,4,3,249,83
17,161,22,3,22,3,32,3,22,3,3,157,50
126,237,10,62,50,4,4,698,22,1472,1472,29,4,4,17,413,3
4,4,443,4,857,50,53,4,4
73,4,118,1,73,4,118,1,220,15,957,50,30,30,24
14,4,131,4,562,634,3,1664,283,832,1678,17,50,562,102,1170
220,181,4,40,4,40,39,4,4,181,4,278,1241,550,50,238,4,399,278
220,15,9,4,4,4,32,4,7,50,30,5,24,111,443,24,4,726,853,9,88
40,853,15,40,220,3,4,2,3,489,40,853,220,15,50,400,3
17,10,3,4,3,44,3,2,22,50,22,3
5,3,6,4,27,173,188,73,118,802,50,0,43,2,235,27,3,215,4,4,132,4
2,235,27,3,4,5,121,4,32,50,4,337,4,30,3,4,85,286,636,112
4,73,4,4,370,215,4,214,716,30,50,291,872,64,3
3,73,3,642,3,1394,66,4,20,64,4,4,4,139,50,86,50,103
217,220,1,370,1050,132,132,103,3,367,214,30,3,4,50,4,291,4
12,11,16,18,63,220,15,50,4,38,39,45,3
40,220,3,4,4,40,58,2,15,4,4,40,4,40,4,603,39,367,50,193,959
220,181,4,40,4,40,39,4,4,181,4,278,1241,550,50,238,4,399,278
28,4,3,58,297,9,1,2,220,1,4,127,50,127,4,4,83,4,1,4,4,1,4,127,833
128,22,35,4,68,128,50,466,466,29,466
4,45,29,127,50,22,35,4,749,103,47,127,853,1168
127,50,429,6,463,725,22,12,10,151,4,124,4,109
85,24,985,39,102,50,234,291,66,85,24
1168,706,706,329,378,50,29,251
4,361,727,4,22,35,354,50,22,145,387,819,634,29,32,24,1135,6
4,45,127,3,68,39,127,50,4,103,15,4,265,2,4,15,15,225,14,4,45,4,45,1017,103,5,263,235,260
853,1045,853,63,50,306,1364,86,291,4,4,1422
14,20,538,549,3,4,4,3,4,4,4,176,4,291,4,420,549,28
420,853,1679,753,50,306,853,63,832
1,4,957,50,30,24,443,4,127,50,127
4,4,28,3,249,62,102,50,13
4,28,3,249,62,102,50,13
139,430,50,24,50,4,50,333,50,42,50,334,50,2,98,229,50,229,50,183,50,5,584,4
73,3,4,3,3,4,3,377,39,5,181,103,118,3,4,50,1,3,419,2,83,3,4,81,103,30,3
397,397,5,50,30,229,1029,3
274,4,50,3,50,5,23,3,252,4,110,4,4,181,461,4,4,1094,4,377
15,12,322,3,285,50,68,50,4,22,50,5,528,528,76
4,4,160,739,4,979,39,50,103,3,249
285,50,5,1456,50,1292,12,45,123,284,381,502,821
12,4,1184,50,86,105,50,898,191
650,254,219,1408,6,12,650,4,32,50,316,124,3,650,4,32,50,12,124,3
1257,23,189,4,225,252,1,3,50,3,24,4,257,111,23
73,979,3,1218,4,3,2,979,4,103,39,50,146
4,4,160,739,4,979,39,50,103,3,249
1093,484,397,4,15,47,50,979
3,4,79,216,507,629,50,409,535,276,1377,50,711
4,1378,4,1029,3,12,110,14,4,72,397,225,431,22,414,50,1230,5,316,124,4,115,253,150,5,24
28,4,81,4,67,275,4,252,286,5,2,285,50,758,790,238,5,538
274,4,50,145,257,4,3,62,4,3,872,1233,1
4,139,529,243,30,13,5,4,4,50,24,530,4,531,4,532,50,530,4,50,531,4,67,4,50,4
444,478,529,50,614,662,541,244,67,47,50,663
235,50,236,4,1,2,15,50,236,63,2,151,62,375
4,165,4,50,4,4,4,165,50,4,58,132,165
50,4,17,217,4,161,217,165,165,4,165,50,4,217,10
4,488,4,1,72,9,4,4,9,489,489,9,443,443,1,56,293,110,50,4,110,2,277,3,4,4
62,4,1,0,50,102,50,226,307,4,272,50,4,15,308,9,88
66,50,300,4,50,322,3,4,4,322,414,50,322,3,4,300,150
64,48,12,12,4,50,229,2,43,3,4,41,4,12,4,50,24
215,4,137,2,83,3,4,349,358,555,156,5,41,512,198,50,4,14,99,4
50,2,712,4,207,4,3,153,56,3,1,3,50,2,4,291,4,207,4,3
15,4,32,3,4,4,24,2,126,32,4,42,41,4,53,50,4,3,4,401,50,4,3
4,110,217,10,58,5,286,5,132,5,132,2,132,50,4,17,217,4,50,4,161,217,110,1
235,50,309,284,293
64,349,150,4,4,2,4,60,4,60,4,64,60,4,4,50,109,4,222,229,4,50,5,98,4,3,222,229
4,206,4,4,215,4,220,3,4,3,253,285,286,4,50,4,50,161,50,16,97
62,62,50,22,2,277,3,4,4,79,4,62,50,22,4,46,41,50,58,76,2,4,4,45
15,2,629,3,50,87,4,48,4,4,629,3,50,257,4,99,4,630,50,229,2,126,32,4,42
235,50,309,284,293
4,150,50,24,414,153
4,15,4,4,20,50,30
98,4,17,4,293,86,45,426,4,237,165,4,540,50,1,2,4,544,86,4,58,50,1,2,64,4,180,283,230,121,79
307,272,50,4,15,308,9,88
4,4,4,150,50,24,414,153
251,251,150,4,455,50,4
232,394,67,652,653,28,354,50,654,29,50,4
41,3,4,4,5,0,0,50,137,50,97,2,140
15,1,0,2,220,19,12,50,102
4,98,114,50,137,147,5,1,121
80,4,16,17,1,4,188,565,50,577,4,188,50,90
3,28,720,3,33,410,50,721,50,5,12,9,4,33
4,93,4,4,73,4,4,339,88,50,4,423,4,424,50
21,3,604,121,50,53,50,4,2,4,46,608,4,90,14,4
50,4,27,2,27,50,72,2,28,4,66,4,173,4,1,2,233,4,174,175
4,4,4,4,150,50,24,414,153
50,4,220,19,28,161,86,280,4
15,4,2,50,63,356,24,2,160,198
165,4,3,215,3,24,3,50,4,3
50,1,2,4,549,4,109,153,13,98,3,2,475,50,4,3,4,3,3,3,401
12,41,475,4,32,50,247,4,64,45,4,45,47,4,226,4,139,50,4,3,15,4,132
197,3,4,5,66,4,91,332,91,183,91,229,65,4,85,3,629,50,65,2,629,50,4
257,257,4,5,110,2,215,4,225,2,126,42,4,4,4,50,4,104,50,404,160,5,4,405
4,150,50,480,43,12,150,50,481,109,64,4,482,98,24,3,64,241,4,12,98,24,3,5,12,222
217,4,12,4,4,4,24,4,257,257,258,50,24,2,126,6,4,3,4,42,4,201,12,50,4,99,99
3,2,50,185,89,3,14,4,3,45,3
147,4,4,415,4,378,5,12,50,229
4,98,109,50,137,41,3,4,4,516,516
4,15,58,132,72,165,165,527,4,50,4
39,66,4,50,16,244,424,2,424,4
235,50,237,4,5,1,27,4,26,87
387,987,1638,23,50,510,80,50,13,955
126,110,50,284,4,12,425,4,4,43,58,50,237,10,22,4,3,4,200,50,461,3,4,4,45
28,80,83,4,17,18,80,45,283,142,50,539,50,4
28,4,4,66,4,1,4,267,4,17,18,80,92,50,4,142,50,539,220,283
49,4,3,66,121,88,3,128,3,4,3,22,3,50,3,50,4,66,4,121,88,3
45,67,4,2,66,3,4,377,2,15,4,32,50,3,50,103,1304,410,21,4,4,430,4,86,326,115
306,3,14,203,116,110,203,116,709,192,293,86,17,309,31,4,193,62,50,4,50,4,63,4,2,50,30,3
45,32,14,3,4,1184,139,613,50,176,3,15,908,2,50,44,537,2,230,115,101,818,50,4
68,3,50,3,161,17
110,4,3,357,114,50,3
80,80,4,875,50,22,28,313,22,50
3,103,979,226,165,3,50,104,4
255,50,53,139,58,519,4,43,1060,63,167,64,173,278,50
1644,3,4,17,127,207,2,284,429,50,746,50,10,174,10,175
110,50,461,3,144,50,4,284,116,4,953,425,4,4,64,165
62,4,461,3,500,50,63,4,614,4,5,2,6,50,13,233,3
28,3,4,540,128,4,213,4,611,4,127,2,284,429,50,862,50
15,50,1219,50,322,4,50,171,3,1219,322,3,180,40,367,50,30,24
67,3,908,18,818,4,28,4,4,50,3,500,23,689,1150,50,44,993
28,4,50,3,982,17,28,98,52,52,540,45,4,60,4,3,173,50
790,58,86,357,4,323,322,461,4,2,50,252,4,4,17,50,50,322,240
45,85,4,239,2,4,3,28,1,342,4,4,22,28,1214,98,50,5,127,50
15,4,760,4,3,4,3,50,849,3
15,50,176,3,72,4,3,98,109,41,3,4,4,3,22,3,625,4,50,3
32,502,43,4,3,4,62,50,3,4,2,425,4,50,461,3,2,128,4,4,425,4,4
4,220,628,4,476,536,472,4,653,15,50,476,4,50,5,24,430,60,4,507,4,4,3,2,1
252,106,5,103,58,1390,80,20,3,62,50,4,1248,50,4,4,115,165,106,5,58,39,3,51,58,180
28,3,165,226,4,4,274,278,367,284,50,1590,50,5,103,2,4,15,165,2,165,165,29,2,165,222
366,180,10,1418,387,50,63,3,616,4,125
110,3,5,103,2,4,116,500,50,3,16,63
28,4,4,469,4,838,4,667,65,80,857,50,4
28,4,355,469,4,42,409,4,58,80,857,50,4
21,4,4,50,747,21,39,92,23,1343,669,3
28,4,110,80,111,64,67,50,292,110,58,80,110
32,22,109,4,109,22,3,3,50,153,3,854,152,4,67
28,4,313,469,4,436,2,4,294,4,58,80,857,50,4
66,4,3,430,4,17,4,1563,201,133,4,160,510,50,747,174
15,4,16,4,161,4,4,387,50,43,4,72,4,3,162,17
67,3,4,457,4,4,929,50,50,157,3,488,66,3,180,40
3,63,2,4,1074,127,468,293,86,17,63,1074,50,5,2,4,21
80,4,4,3,80,78,50,3,22,3,14,2,252,4,3,22,3
15,260,1588,4,4,4,161,69,58,5,197,103,809,50,53,155,153
110,381,357,468,192,284,98,80,13,4,180,4,367,468,284,4,50,4
625,4,3,50,3,30,3,66,4,4,3,4,38,2,4,4,995,4,195
240,322,3,4,50,63,800,4,905,67,4,4,17,50,50,4,4,2,252
39,625,15,207,86,281,4,5,58,180,5,461,86,556,371,50,50,4,39
15,50,3,176,3,6,4,3,4,3,6,4,145,3,145,3,6,4,3
50,114,3,3,50,4,139,110,45,3,14,12,4,4,20,3
790,3,45,3,5,103,2,4,114,50,3,114,3,15,4,145,404,3,989
23,3,3,4,3,4,5,86,2,50,4,3,161,69,17,60,4,554,4,45
286,286,4,417,28,3,2,717,50,4,50,404,979,510,655,63,4,422
4,878,153,50,358,652,50,767,878,176,50,44,53,50,98
50,4,1030,50,4,297,50,355,91
28,4,4,50,386,281,50,4,281,50,401,387,50,4,401,140
50,4,197,66,285,50,89,7,47
397,397,818,50,310,556,50,556,29,12,285
103,256,4,50,30,395,322,392,717,50,752
1257,92,3,706,50,386,862,410,50,387,4,29,50,819,4,279,148,4,776,50,291,3,4,3,4,264
4,694,851,50,5,24,4,4,274,50,5,225
4,50,3,50,4,3,5,44,3,767,1193,111
443,50,4,28,4,443,4,50,185,173,286,132,515
1003,50,174,349,150,50,175,4,315,58,300,44,150
50,229,103,750,4,50,4,50,5,284,629,186,1389
4,119,3,50,5,225,369,50,5,249,179,41,615
50,4,28,776,4,686,142,4,777,703,50,1252,4,103
15,12,45,285,3,50,249,104,104,50,22,229,50,229
390,4,4,30,784,784,50,5,103,362,362,50,5,225
4,28,3,3,249,80,32,4,1227,4,50,3,2,50,284
50,4,627,50,4,202,4,201,624,4,126,254,868,44,503
50,4,0,150,24,1041,23,4,50,4,316,23,24,181,693,1491
119,50,103,167,89,41,4,4,62,4,266,50,299,294,512,148
50,4,191,47,62,306,106,4,50,322,322
570,4,50,311,4,4,39,1489,50,563,563,61,4,104,104,274,4,4
4,266,3,4,3,277,217,3,213,50,229,378,75,50,1145,50,284,3
50,4,142,142,3,355,3,641,869,3,3,4,50,978,50,568,1287,367
21,3,20,4,165,527,50,70,4,15,527,50,4,14,7
251,4,43,251,3,127,50,146,35,284,3,127,50,146,145
15,4,146,3,2,50,185,89,3,86,2,207,89,5,196,50,3
916,3,350,367,50,30,24,30,375,3,14,7,45,299,3,50,374,50,63
15,2,32,50,5,1,65,2,1,3,4,4,4,32,3,50,4,5,1,121,14,99,4,50,229,65,4,2,41,4,3,4
45,650,306,45,50,50,50,4
3,4,5,2,50,4,3,166
15,98,4,22,0,4,3,139,3,4,5,58,3,28,4,270,58,109,80,4,79,62,4,90,50,4,22,0,79,62,4,90,50,4
6,3,5,3,4,3,3,114,50,109,50
32,3,5,103,109,4,50,50,153,3,1202,367,4
4,89,274,4,3,635
240,4,322,85,20,3,4,50,50,50,929,4,66,50,322,172,3,45,262
45,50,4,730,537,4,905,4,50,4
28,68,249,3,4,3,318,577,50,90,4,110,2,126,127,50,291,45,66,3,4
110,50,125,237,39,14,12,4,85,3,316,124,50,4,139,4,110,45,989,3,14,12,4
397,50,70,22,4,22,3,22,3,22,3,22,3,22,3,45,5,114,114,50,3,109,50
15,4,32,247,19,3,92,50,4,366,4,995,2,959,4,62,237,39,50,4,995,14,279,12,4
2,19,3,215,3,4,4,3,235,260,27,3,322,237,172,2,4,563,50,198,50,50,50,3,322,172
505,4,3,4,3,3,28,4,3,4,3,4,126,60,4,1,2,1,3,4,3,58,4,50,849,50,849,3
4,22,3,527,50,4,14,4,7,32,247,19,3,92,4,442,4,4,366,4,4,468,293,86,110,50,125,237,39,14,12,4
28,3,4,3,110,4,4,4,126,367,50,30
235,4,50,237,4,17,27,3,2,235,30,4,3
50,146,4,3,773,3,773,4,89,2,50,30,3
58,140,20,13,3,50,6,293,556,20,2,98,140,20
85,3,549,210,247,50,146,3,98,4,3,50,3
50,4,15,338,102,50,0,231,88
1798,512,868,4,1082,50,50,4,1168,278,41,3,4,4,46,110
65,216,4,47,512,540
388,153,50,63,28,1003
4,85,4,102,50,4,976
4,1203,229,222,216,50,132
50,4,140,584,4,213,4
50,4,3,872,4,80,4
251,3,28,226,50,4,976,4
984,153,92,88,50,151,4,103
1232,50,4,5,6,13,1342,857,63,50,4,3,4,86,28,5,517,629,5,24
401,15,140,444,4,50,4,598,1,500,4
231,1016,518,4,76,551,1805,478,50,279,767,15,4
163,286,4,3,4,49,545,285,286,4,3,545,50,132
15,265,63,137,1236,4,3,1093,50,29,868,512,80,516,30,265
4,541,265,50,5,297,4,40,225,32,291,2,19,4,32,228,4
32,5,121,30,538,4,2,538,4,50,5,868,4,29,759,102,338
23,24,835,299,4,3,50,374,50,63,133,4,92,24,63,539,3
134,869,88,292,997,414,24,294,50,151,4,103,453,512,668,202,186
419,853,4,288,1296,4,545,50,286,85,516,853,4,55,288,250
142,142,116,869,50,490,111,4,703,5,276,5,283,567,4,15,4,137
132,132,3,50,4,829,15,5,294,524,4,40,555,106,45,759,85,20
240,50,1171,63,780
241,241,1385,50,226
389,50,4,5,137
316,124,3,3,21,50,2,83,4,50,375,165,4,30,4
4,3,3,3,3,3,4,3,50,4,3,419,50,4,22
50,50,3,50,322,50,395,357,7,5,235,27,3,2,19,50,3
5,4,4,29,4,41,4,3,277,3,4,23,50,4,22,3,50,3
3,4,3,3,3,3,3,3,4,50,4,4,3,966,419,50,1050,385,3
5,0,50,4,4,647,284,3,622,442,966,215,284,4,50,4,22,3,3,3
39,3,4,3,50,88,5,3,41,50,1241,22,2,4,15,50,5,22,30,50,3
3,4,717,50,322,50,50,322,717,5,171,291,291,515,50,3,5,2,19,3,215,4
3,4,3,4,3,4,3,4,284,4,433,50,171,215,147,4,96,4,50,114,3,147,32
3,367,50,3,32,4,4,50,3,109,4,706,4,694,83,1590,4,28,63,367,4,381,3
47,3,4,88,40,4,171,3,127,9,24,9,4,430,1224,4,274,50,3,367,3,299,424,4,50,30
4,928,50,134,50,5,134,291,50,4,458,162,752,874
4,5,22,216,4,2,6,50,50,3,50,5,22,24
1,3,22,63,20,4,235,50,1,3,40,50,1,3,419,50,1,3,853
4,127,4,4,3,215,284,3,50,166,50,4,50,412,5,291,66,215,284,4
277,3,4,3,4,5,284,4,15,22,50,3,301,4,3,277,233,284,3,284,4,4,4,4,718,22,50,5,3
3,4,3,22,50,5,3
3,58,4,4,139,50,61,378
378,3,50,595,284,4,595,291
3,4,3,4,3,233,50,595
50,441,3,3,50,987,3,4
50,312,3,821,50,312,595,458,3,4
144,284,4,483,4,50,147,45,50,468,357,357
50,313,4,2,34,3,1226,50,595,162,3
50,357,283,3,3,1199,50,357,989,3,4,3
28,43,4,43,4,206,3,50,63,274
4,119,50,215,41,4,147,284,68,615,4,4,68,580
47,88,40,4,161,58,324,50,40,1007,139,468,96,206,24
367,3,50,30,937,28,102,4,69,17,254,4,3,4,199,17,254
32,12,4,88,28,3,4,381,3,4,58,4,613,13,2,220,80,50
15,2,40,3,4,3,4,3,4,4,4,4,3,4,4,505,3,125,4,237,50,4,26,391,4,4,3,4,4
64,4,74,12,20,4,32,50,475,30,5,2,111,1054,1055,4,1056,434,296,45,4
4,3,32,50,167,130,86,2,411,4
224,226,3,4,3,276,4,540,1,50,102,540
324,3,324,50,376,45,324,376,3,14,12
4,50,5,150,4,66,580,245,150,4,4,4,50,63
28,4,4,3,420,420,1080,111,4,220,73,50,28,73,420,1080,4
126,15,50,284,50,4,771,5,103,4,4,39,4
28,4,4,3,40,41,4,50,5,24,3
139,4,4,3,3,41,4,4,3,4,3,377,3,180,98,3,50,24,3
349,15,50,5,30,24,468,3,4,5,2,4,151,3,128,349,24,3
47,4,151,50,292,80,4
53,4,216,50,53,753,14,298,404,301,15,63,3,4,724,4
4,4,81,220,1097,4,4,129,703,4,1,50,102
367,3,4,957,50,229,255,67,10,879,556,300,160
15,973,50,24,16,12,16,116
19,50,4,58,83,4,4,180,4,5,2,4
4,159,4,3,14,3,2,50,1
4,399,399,3,371,5,266,284,3,50,1,3,180,3
121,1,148,88,3,50,849,4
62,215,4,4,160,747,3,381,43,4,50,1,4
32,4,110,2,28,4,4,240,4,3,4,322,905,4,4,1027,4,3,4,62,4,50,322,50,4
790,3,357,67,109,1022,153,41,4,3,62,50,790,4,254,83,80,871,1,26,3
4,4,2,3,41,3,41,83,50,3,4,217,222,549,4,24,549
4,4,58,66,287,112,4,381,233,4,4,4,233,4,30,50,174,4,50,175
268,58,110,180,28,4,45,4,81,28,180,4,425,58,110,50,3,4,65,40,45
986,4,84,26,20,4,56,50,139,4,3,28,4,4,202,3,4,91,24
139,4,3,50,4,4,86,26,3,14,12,4
64,3,4,28,4,4,162,24,15,23,653,4,50
50,430,222,4,4,215,15,2,1046,935,512,50,4
40,3,4,53,3,4,3,83,4,4,3,67,4,4,180,53,4,19,50,28,4,67,180,4,3
4,3,32,50,167,130,86,2,411,4
916,3,350,62,4,719,745,50,4,12,29
15,2,32,3,4,4,1074,4,3,4,4,4,4,4,2,50
20,98,4,2,50,4,4,139,4,3
251,50,116,45,215,21,140,14,3,2,175,3
165,3,50,30,3,4,24,254,3,3
15,12,161,4,58,32,4,114,4,3,567,916,229,50,63,15,32,4,3,367,24,206
28,540,233,4,139,186,4,3,4,3,862,50,1386,4,387,461,819,224
140,3,20,3,4,274,80,50,174,50,175,20,3
4,397,4,197,103,114,50,86,178,4,178,220,4,86,139,4,50
4,1,3,4,3,121,14,65,4,97,3,4,3,50,1,2,64,4,3,4
3,193,80,4,3,4,3,22,3,745,50,4,5,12
28,4,3,4,50,63,4,4,64,4,28,220,165,4,875,3
265,4,50,4,3,1111,4,148,488,276,4,276,180
32,58,3,875,4,4,3,22,50,284,3,233,3,28,58,3,3,2,376,4,3
431,4,3,20,3,15,810,10,127,50,63,404,10
316,3,50,2,749,3,749,3,139,110,45,3,14,12,4
83,3,4,3,4,4,22,3,268,4,172,53,50,2,109,3,21,4,58,109,3,15,3,4,15,134,152,134,345,134,356
73,180,3,4,165,3,58,1030,50,461
50,4,4,4,4,528,4,22,539,50,98,4,379,551,577,192,20
60,3,4,3,4,102,22,50,3
790,3,127,50,4,13,293,15,5,58,2,15,4,56,32,4,22,72,139,3,4,28,4,4,86,126,28,10,61,3,215
28,3,4,62,72,24,50,32,5,58,2,15,4,56,72,74
4,32,12,857,4,80,220,80,50,2,220,80,85,85,4,4,4,287,112
32,3,4,22,233,4,139,4,3,32,4,22,206,4,50,124,24,30,22,771,22,3
3,6,329,63,4,3,540,3,139,1033,292,923,50,69,109,69,1401,69,978,442,458
32,50,45,584,267,4,603,4,281,5,103,2,4,21,4,22,4
15,20,80,50,26,80,233,22,3,28,4,3,110,6,258,4,153,4,4,851,50,3
19,22,4,3,4,3,4,3,28,1069,4,540,3,5,103,73,19,22,4,5,68,50,1,3
15,507,12,45,745,5,103,4,73,103,12,45,28,962,22,50,4
169,22,50,50,50,293,142,4,28,80,4,3,4,4,3,4,41,165,220,160,3,4,4
64,5,58,3,50,58,3,4,79,22,4,4,4,316,4,50,1,4,150,150,4,22,4,47,47,4
32,157,50,3,284,3,414,798,4,86,127,170,5,103,2,4,3,238,367,190
4,4,1,4,58,4,3,3,4,3,4,47,4,22,3,41,4,4,80,50,86,28,180,4,3,4,63,366,4,371,190
3,50,47,3,4,3,241
15,349,12,3,161,17,17,20,17,262,3,4,30,3,28,3,4,3,4,284,4,50,2,165,4,404
80,1,4,3,4,28,3,161,220,1459,50,277,4,10,4,66,4
589,3,40,4,22,4,215,6,50,98,3,206,22,124,24
240,4,3,322,3,50,50,172,786,3,24,399,136,50,3
128,1,22,4,3,50,68,170,98,3,68,170,30,22,285,4,103,4,3
3,2,875,50,165,109,4,4,126,535,85,4,22
67,4,3,366,4,495,4,1156,39,324,50,125,237,39,148,5,3,281,58,96
15,20,80,50,26,80,233,22,3,28,4,3,110,6,258,4,153,4,4,851,50,3
28,4,3,4,6,4,15,50,55
15,3,32,14,63,2,206,4,4,4,139,3,201,916,4,229,50,63
28,4,3,306,50,306,337,32,4,40,28,4,32,4,3,4,234,109,66,88,4,234,64,2,40,150,4
4,434,172,16,331,2,66,4,1,4,50,2,4,423
4,21,4,4,854,2,66,50,4,2,15,207
414,50,1230,115,6,134,13,63,41,1029,3,3
920,4,956,50,115,6,802,207
66,0,4,543,20,225,50,2,411,125
118,1006,1236,4,4,58,29,229,32,525,1,41,1033,4,4,1299,570,50,63
570,50,63,577,90,4,1030,4,142,1194,286,1327,58,4,4
4,4,430,425,41,50,1279,414,50,798,110,50,1323
73,50,118,760,686,50,374,50,63,1013,1340
47,4,1259,1004,1004,50,4,3,953,207,4
83,4,1,4,551,367,167,207,430,50,144,60,4,220,3
29,286,512,1169,167,291,98,115,207,45,150,41,1013,50,24,88,5,40
365,4,4,616,352,4,5,4,862,50,151,127,4,5,719
40,4,430,32,50,24,804,4,852,4,103
28,74,222,222,45,410,50,74,66,512,5,74,4,241,512,2,66,4,165
593,4,5,4,50,5,404,104,50,5,30,24,259,4,111,264,111,262
110,50,283,10,283,4,4,215,3,45,283,4,45,15,4,283
64,15,4,137,301,1352,4,4,3,50,4,430,4,701,4,286,361
4,419,50,229,3,28,4,404,1095,218,4,28,3,3,4,253,369,1,64,1212,225,47
507,4,5,411,139,4,333,48,4,4,41,50,349
28,4,4,229,127,50,90,1,4
15,118,50,949,2,50,63,127,267,244
4,41,50,908,4,550,651,4,651,14,134,12,157
28,4,3,73,1,3,3,4,28,3,3,4,404,1095,218,4,220,32,50,430,257,666
430,81,430,32,50,1029,3,3
541,4,42,50,365,195,32,4,3,24,3,4,4,40,4,165
4,229,58,0,50,125,50,102,1168,286,41,816,30,264,264,4
6,50,40,320,4,28,4,4,222,28,4,4,222
541,50,42,365,195,32,3,72,4,4,712,2,712,4
222,220,1029,3,3,4,4,4,128,44,274,369,414,22,50
4,229,284,3,23,50,229,411,4,13,538,411,829,15,13,30
795,50,153,412,412,5,411,5,125,412,4
507,4,5,411,139,4,333,48,4,4,41,50,349
419,2,19,32,4,176,222,127,50,90,170,39,148,148
215,3,22,50,283,10,15,5,72,80,219,147,66,4
4,229,62,30,4,3,24,3,47,63,3,3,419,50
4,28,3,3,126,45,2,1,12,549,4,215,419,3,419,12,45,17,32,4,50
85,1356,50,747,145,32,50,4,3
15,12,45,12,32,3,50,229,3,1029,3,3,50,369,124
253,115,6,1,4,4,12,45,15,1245,39,50,229,3
58,395,280,6,24,376,4,6,4,197,50,30,24,412,270,43,18,428
315,50,4,386,387,216,5,58,109,1029,3,3
40,4,32,4,24,3,213,4,4,191,148,50,240,86,35
4,27,284,50,63,4,5,146,144,144,291,291,4,4,27,284
79,30,3,366,377,50,208,50,4,50,3
4,10,4,4,4,69,391,3,929,50,172,515,50,1029,3,3
1,3,2,15,1054,3,2,853,50,3,12,3,22,3,12,3,4,3,22,3,17,30,1245
21,284,979,50,284,978,257,284,305,131,284,29,1029,3
391,4,724,458,50,419,19,28,4,419
43,3,3,291,4,4,12,32,50,47,4,4,20,4,4
367,4,49,110,539,3,676,50,229,111,110
73,4,1,4,2,220,47,50,1004,284,3
2,281,58,30,735,773,1072,32,284,746,4,50,4,560,356
173,50,1006,647,437,442,4,73
1167,50,4,442,3,158,4,134,647
4,4,110,50,284,3,1029,3,4,249,225,588,4,32,3,14,89,7
83,3,377,3,4,3,22,3,28,307,50,3,79,284,3,4,46,24,1097,4,5,1
4,4,28,3,430,165,3,3,545,545,50,229
4,88,3,3,22,132,99,4,50,30,229,464,4,4,99,99,4,284,3,1029,3
50,567,189,274,402,5,322,458,542,155,284,4
4,4,649,4,269,176,233,229,4,955,66,1016,583,13,50,666,24,3,4,249,4
703,3,50,4,4,15,28,3
703,3,50,4,106,45,4,15,28,3,3
155,795,458,63,162,875,4,337,50,151,3
252,23,3,847,61,3,85,4,50,3,257,181,4,28,3,3
12,45,23,22,3,50,4,22,2,3,4
155,4,111,1698,4,4,681,22,50,5,29,284,66,718,58,58
20,1,0,974,369,22,3,241,4,3,4,2,66,4,2,1003,50
4,233,3,4,103,4,254,4,3,19,50,2,4,233
262,1,263,527,17,50,4,235,260,1,12,30,22
28,22,4,166,3,32,166,284,22,551,28,22,527,4,3,50,4,2,429,4
98,3,12,45,409,65,102,40,3,4,3,293,22,4,110,4,602,4,123,3,50,3,369
263,235,2,233,3,50,3,3,17,4,22,147,4,2,262,83,4,22,3
32,528,22,2,528,4,22,386,2,387,50,22,2,41,1370,22,63
49,3,1,30,22,367,30,90,142,214,4,6,4,121,3,1727,4,158,2,158,50,1427
5,68,489,4,4,66,171,2,22,47,4,1427,4,367,168,3,50
4,3,4,3,1727,265,5,1427,158,50,1427,257,367,4,45,1163,164,257
2,41,22,1427,2,5,86,86,228,127,50,226,99,425,257,4,5,170,103,489,157,4,129,180,184,130
50,4,1427,194,23,86,194,66,4,12,16,11,18,3,409,155,12,65,83,928,58,283
62,22,3,47,50,24,4,4
5,489,489,5,86,86,110,2,1,22,4,443,409,629,1427,155,12,65,29,103,24,1427,4,367,168,1427,50
126,235,50,1427,65,88,4,22,698,823,22,4,235,2,235,4,22,698,823,22,111,85
173,22,4,823,2,6,3,41,3,62,3,4,3,50,284,3
22,110,369,155,458,4,392,284,3,127,262,50,226,3,22,4,40,4,134,4,121,4,22
15,12,161,528,3,22,127,166,284,22,30,816,284,22,22,23,50,4,22,284,22,816,468,284
6,3,66,5,2,19,50,3
173,22,4,823,50,4,41,3,4,3,1727,265,1427
15,2,73,3,4,100,240,4,190,316,4,256,48,1324,50,1427
15,2,32,1427,23,402,28,4,11,52,5,110,2,85,50
28,4,599,4,1318,4,197,103,171,48,202,100,658,50,190,416,58,4
22,102,50,56,4,599,4,1318,28,4,462,58,4,126,462,41,50,228,39
1427,1318,69,70,58,32,4,4,225,2,144,50,4
83,50,171,28,171,39,220,66,4,46,92,4,290,171,2,267,92,4
76,4,4,4,83,4,419,1,50,3,3,475
106,12,45,48,599,3,1731,80,50,3,2,3,32,4
98,103,32,66,4,486,58,50,4,166,166,284,4,202,293,153,202,293,3
12,11,16,18,4,397,4,3,1435,4,229,50
28,4,126,28,220,3,200,541,244,50,200,4,497,126
514,621,62,350,50,92,472,4,60,58,14,134,150,155
28,263,214,88,381,4,703,4,1,50,102,635,220,4,15,10,635
367,50,30,206,24,28,4,60,263,214,88,76,220,76
64,540,324,50,568,28,540,3,45,85,4,3,4,3
80,17,14,32,3,15,32,3,343,5,86,50,28,4,3
28,263,214,88,381,4,703,4,1,50,102,635,220,4,15,10,635
28,3,12,212,4,4,3,4,3,3,180,165,212,110,4,165,50,89
28,3,540,324,50,568,4,540,4
280,44,3,5,4,76,127,1050,50,132,286,4
110,50,127,139,260,27,3,4,16,12,16,1050,206,3,4
40,4,64,4,3,4,760,73,50,4,131
50,4,3,92,1,4,4,41,4,72,196,27,112,219,19,65
126,266,29,4,415,1,4,127,117,4,173,50,12,665,13,4,127,115,116,716,4,4,13,2,80,4
109,905,929,395,50,395,290,18,484,291,132,515,50,3,5,171,284,4
50,293,88,233,50,50,50,86,3,50,190,50,284,3,14,293,153,210
4,4,549,4,4,3,109,153,475,50,4,3,401,550,4,401,53
56,4,1318,28,60,415,284,4,431,127,50,127
28,378,2,15,412,32,147,293,291,4,12,290,106,4,241,4,4,339,50,29,287
19,4,3,4,4,3,68,4,50,3,4,45,58,112,81,4,4,29
807,4,4,357,30,3,79,4,3,377,4,4,795,4,4,50,322,144,2,468,96,484
41,4,3,377,115,50,322,905,4,50,115
807,4,50,747,322,145,30,3,795,4,3,377,4,4,50,322,144
746,4,4,50,63,807,4,30,96,484,795,4,3,4,4,50,322,144
32,4,4,4,468,96,484,30,3,746,4,4,50,63,4,807,4,4,30,3
4,5,303,4,132,104,4,4,303,424,50,79,4,5,303,2,50,79
67,377,4,132,360,41,50,726,322,50,4,4,414,4,681,322,50
15,4,1041,10,0,1050,2,132,50
32,4,1041,3,50,132,2,132,242,4,4,434,4,354,4,132,515,50,377,132
926,4,132,50,4,322,181,4,1121,4,681,322,132,45
115,395,679,50,322,4,1131
5,929,2,580,4,5,66,1124,50,1123,377,79,4,4,15
41,50,4,4,133,4,4,528,4,4,50,41,50,4,876,133,4,158,876,876,4,4
62,50,4,877,41,4,877,4,716,4,163
62,4,907,50,63,62,50,907,4,8,30,4,918,345,724,291,2,19,3,4,3
926,4,50,322,43,52,875,4,322,4,5,134,4,4,4,429,291
878,162,875,50,63,3,875,4,291
505,4,4,132,746,3,4,4,4,50,63,4,132
41,4,5,50,4,3,50,4,4,563,4,563,30,3
514,4,79,4,809,717,50,50,322
62,4,303,50,853,717,303,322
1,4,4,3,28,4,222,2,150,5,183,2,50,24
5,454,245,80,50,16,347,45,4
19,377,807,4,243,10,4,134,1133,50,153,222
4,243,222,67,4,4,4,1157,4,4,620,4,811,737,4,4,243,222,4,243,807,50,153,222
67,377,4,1041,41,377,50,4,143,412,174,50,925,4,174,50,925,90,174
67,377,1159,162,878,50,4,377,175
197,162,2,50,4,377,41,50,63,412,515,50,377,30,3
41,377,4,162,2,50,4,50,4,143,412,174,50,925,4,174,50,925,90,174,50,110,4,1041
5,387,2,387,50,302,411
4,4,291,528,920,4,15,50,300,4,4,133,907,4,907,567,291,45,514,153,4,300,528
67,4,4,926,360,50,30,515,549,30,515,926,43,52,4,4,360
4,12,4,515,50,412,4,5,132,30,3,412
50,4,28,4,3,5,226,4,4,150,4,75,75,207,4,150,4
180,4,4,4,67,265,545,555,50,222
4,150,50,4,4,356,4,117
50,5,226,165,4,32,4,4,4,411
147,4,147,4,47,50,132,165,4,4,167,220,3,291
79,50,109,43,434,163,4,17,4,4,357,10,403,17,15,50,3,929,362,115,176,213,3
50,883,412,905,4,883,30,3,395
62,4,17,905,4,905,50,4,412,30,3
66,4,219,4,72,147,66,4,23,50,24,410
41,24,91,150,315,23,410,50
4,14,0,4,73,4,49,275,4,43,50,132
32,50,430,699,699,234,397,4,86,83,1,207,41,4,137
4,14,0,4,73,4,49,275,4,43,50,132
5,12,872,290,4,2,4,290,290,23,50
4,497,497,58,11,70,49,50
83,4,68,70,70,50,4,4,23,50,63,4,1,4,58,4,22,1,92
197,1,3,2,66,4,45,235,50,260,1,12,22,3
70,58,4,419,80,127,233,416,17,127,50,3
98,4,419,2,3,4,3,28,4,60,4,12,3,67,4,381,50,63,28,106,220,60,1413
104,4,825,3,2,367,50,85,127,50,185,3
67,4,825,3,2,367,50,21,4,153,28,4,3,4,3,4,45,21,4,153,203,4,4,6,3
40,4,419,2,3,233,28,213,176,3,50,3,32,139,206,4,24
3,4,3,22,50,3,3,17,162,11,3,22,3,22,17,11,17
28,3,111,4,419,3,264,4,3,4,64,10,215,22,3,28,4,3,4,3,2,878,153,50,4,3
790,357,247,210,50,153,40,3,233,4,153,229,4
32,556,192,371,371,4,878,50,5,134,0,123,31
28,4,58,4,4,60,4,58,4,291,45,6,50,395
32,3,284,4,540,165,306,50,274
32,367,50,90,206,24,47,4,4,98
83,4,386,387,170,294,32,116,1171,50,86
15,20,4,431,3,22,3,4,5,114,50,157,50,3
64,161,2,22,862,50,4,4,58,4,28,4,3,66,972,4,15,1,4,28,4,40,88,4,4,150
28,3,4,4,215,559,4,66,1,39,4,28,3,40,3,4,22,50,3
12,868,3,160,4,3,22,50,22
17,10,11,17,3,4,3,22,3,50,3
40,65,196,4,381,62,50,4,4,109,50,284,381
83,2,50,284,2,50,86,299,112,4,3,28,215,100,5,2,28,4,66,4,22,58,65,88,66
15,357,98,127,28,4,5,103,74,126,4,220,307,50,381,425,4,21,4,5,0
60,4,4,4,367,1,3,24,2,1,3,50,284,3,3,66,4,2,1,4,215,3
28,2,50,4,98,528,5,215,461,98,4,528
12,2,22,3,50,3,11,162,17,3
15,4,284,3,959,4,17,3,22,50,24
1171,50,22,144,58,134,4,32,4,1426,165,15,4,22,98,32
1226,311,237,212,4,237,311,128,4,1333,284,3,5,2,98,50,284,128
4,158,4,58,2,41,4,152,50,4,41,66,171,4,112,45,66
28,22,3,387,4,50,980,387,4,62,3,4,50,4,22
47,4,50,386,376,3,4,4,86,3
307,50,307,3,281,3,83,20,3,165,4
80,4,263,4,3,4,3,139,53,28,4,58,4,102,196,2,102,4,102,28,3,58,58,41,4,4,41,4,50,4,4,387
322,717,666,50,404,160,5,4,405
50,50,3,22,3,15,4,3,215,85,4,929
50,22,3,5,24,50,3,157,50,161,17
16,11,17,22,3,50,3,22,3,50,5,86,3,105,365
85,4,263,4,22,3,109,50,3,4,73,4,31,3
28,3,67,1432,4,67,62,50,604,222
4,4,158,4,152,41,50,4,4,112,45,66
4,28,3,4,32,121,4,110,4,50,23,4,5,1,260,2,139,22,3
4,666,2,50,30,3,2,174,4,238,2,240,3,22,3,3,347,195,3,347,3,3,346,4,3,411,22
322,4,5,377,666,2,4,50,322,326,4,279,229,50,85,3
4,50,4,3,15,3,173,50,30,132,3,5,2,66
67,4,3,29,615,80,4,50,22,3,3
4,86,67,4,10,2,45,285,50,58,109,70,58,40,30,22,2,263,86,4,260,68,249,249,4,103,24,4,58,103,24,263,86
103,181,24,3,2,181,3,22,3,285,50,4,3,4,3,4,3
15,12,32,4,4,344,50,3,32,106,1223,207
28,3,4,1223,62,102,50,215,3,4,111,4,24,58,163,196,81,4,173,121
768,83,4,4,443,5,2,4,4,4,50,30,53
217,4,1,4,32,28,3,62,161,63,1074,50,441,67,4,540,21,4,430,1017,4,220,4,233,4
4,176,39,32,6,1,443,16,898,284,367,50,540,165,1017,4,220,4,233,4
15,12,32,4,4,344,50,3,32,106,1223,207,344,50,3
73,161,283,3,4,5,121,4,32,50,32,58,110,3,174,3,1601,3,1111,484,417,32,965,4,703
47,4,88,416,4,76,47,118,142,916,58,50,795,374,50,63,4
497,231,622,33,50,117,1452,1094,12
41,394,50,30,24,83,153,50,30,551
4,4,731,4,294,50,4,1,1657
4,25,30,4,50,30,4,1231
4,220,4,4,4,62,50,147
132,4,655,4,661,229,4,62,773,4,15,50,55
862,50,284,4,127,128,4,4,110
1756,45,30,247,50,392,668,98
4,6,50,4,40,1060,4,9,4
10,45,50,4,28,163,359,45,134
173,50,61,690,4,1452
222,287,66,127,285,147,176
18,217,233,48,256,127,1060,249,4
414,1078,50,407,1513,1095,267
4,50,4,769,88,4,32,72,4
4,4,1114,260,4,147,50,132
698,265,868,1760,50,286
556,3,4,512,50,4,359,1228
50,4,502,4,370,904
4,102,754,636,50,4,4,104
716,231,96,883,50,1552
33,96,188,4,939,50,822,4
241,257,4,24,4,4,4,50,30,551
1011,1226,4,6,50,1391,231,62
220,60,497,222,20,50,374,110
45,376,400,50,867,884
50,4,144,4,832,168,1202
1003,28,110,4,50,13,1260,716
58,260,204,50,4,4,110,716
234,252,88,4,9,50,539
4,80,4,288,702,50,821,90
4,4,50,790,47,1783,1299,4
1021,765,50,306,29,279,513
2,50,4,173,20,5,13,4,636
60,62,4,50,713,716,117
50,1792,4,1219,1386,1597
504,147,50,9,661
4,535,50,283,121,45,23,410,4
4,80,58,50,1164,90,4,864
50,4,98,139,1016,30,263
429,4,4,220,219,1546,50,30,4
83,540,139,50,859,104,4
135,678,329,431,50,4,48
1385,121,30,65,359,50,293,74
491,50,185,22,72,4,712,4
636,50,1,263,65,410,3,2
403,229,487,13,50,3,1081,102
636,229,201,124,570,6,50,868
65,23,50,898,4,180,1076,284,493
20,50,458,32,428,1428
1021,1111,50,32,53,65
4,1164,126,885,50,63,3,172,4
735,1327,1072,1525,466,359,50,103,870
466,1394,50,1,503,5,379,359
4,468,59,27,287,50,624
29,4,66,170,126,50,50,5
4,28,3,22,3,5,22,24,41,4,3,4,4,45,285,50,240,4,284,3,2,3
98,3,22,3,50,4,3,1338,260,3,47,3
41,152,311,535,150,155,162,195,265,32,4,1157,4,3,4,4,3,1733,3,22,3,50
127,3,4,4,3,4,4,3,10,1247,50,66,171,284,4,4,3,4,4,378
681,240,4,4,3,127,377,528,166,378,4,3,622,385,4,3,50,4,3,22,3
22,3,167,22,235,1223,50,23,3,3
3,461,845,3,260,235,619,10,50,3,3,22,4
22,1682,1045,50,3,1090,5,6,38,510,4,4,57,4
852,1045,1236,215,50,543,4,1664,189,1709,22
1686,215,284,4,4,4,1427,691,1427,284,4,4,240,50,1681
66,485,481,43,12,409,4,409,3,144,102,22,3,50,128,4,171,284,4,4,3
4,10,18,63,45,681,50,3,10,18,70,32,4,3,4,4,65,50
4,889,4,4,549,22,43,1574,83,357,50,3,3,4,4,4,4
139,4,1435,50,38,3,64,30,4,262,4,13,196,4,129,5,985
1435,262,4,50,4,786,4
865,50,4,152,4,4,69,70,134,152,69,4,345,69,4
20,5,32,50,66,121,1041,39,4,126,4,1020,274,286,41,4,803,4
3,4,3,74,126,4,181,803,12,4,4,30,1041,4,111,127,30,50,4
110,4,50,1,100,4,128,66
41,4,98,180,1041,403,4,50,1041
50,4,1100,27,4,98,1247,72,4,359,1370,4,74,50,4,98,72,1371
5,1376,50,440,179,397,1094,50,4,409,1377
50,4,322,179,717,1094,4,45,162,251,150,269
50,147,127,344,50,157,145,40,4,1,4,4,85,50,1021
64,3,28,235,853,26,50,236,64,1007,139,4
4,0,5,50,466,47,1092,1211,4,28,1257,48,4,4,14,787,294,50,465
4,123,24,60,4,294,3,153,424,50,4
1257,391,283,1145,369,4,459,64,764,50,478
370,3,419,50,4
3,3,170,62,90,403,50,666,13,1247,1350
110,80,4,3,86,39,139,50,4,50,121,30
28,58,4,283,80,367,1163,60,4,121,4,4,367,1163,367,1163,50,3
28,4,47,1348,4,4,1630,4,50,4,60,220,4,4,1249,39,4,50
866,58,85,4,767,4,46,4,4,80,1249,50
139,4,3,28,941,3,4,4,257,226,58,4,4,41,50,4,289,4,126,3,2,520,66
443,1,4,22,3,110,4,6,825,50,424,4,23,50,1013
40,4,4,66,4,85,13,121,703,4,50,121,2,1,66,4,4,66
15,210,247,928,4,176,549,535,21,247,50,63,3,1077,268,4,226,165,28,65,165,222
28,4,4,3,87,316,4,50,4,28,87,316,4,14,165
28,3,126,339,50,4,2,4,587,4,4,39,4,116,15,4,116,257
4,5,484,228,10,18,17,254,50,635,284,4,260,4,4,11,17,50,125
126,285,4,378,50,33,217,50,5,134,50,5,2,4,45,47,4,33,4,5,134,45,379,144,33,114
114,4,3,58,50,114,58,50,1196,249
378,114,144,33,217,4,15,119,50,484,4,3,147,378,4,147,33,217
58,50,1196,272,284,4,114,4,3,233,144,96,484,114
31,96,484,114,378,207,114,2,114,4,31,58,50,4,1196
66,4,3,5,2,19,3,4,3,4,114,1196,4,31,58,635,50,284,4
165,3,3,30,3,79,115,574,30,3,1,3,4,4,15,4,377,3,3,50,30,3,4
285,4,3,50,4,3,2,19
635,4,3,114,50,747,33,174
47,284,4,635,3,3,4,3,50,747,33,114,145
5,285,378,2,285,3,3,50,4,3,635,5,241,4,18,50,17,11,51
4,330,161,43,69,842,50,378,408,4,3
67,3,4,152,330,4,842,50,330,378
41,3,4,152,330,3,4,50,4,3,2,19,3,4,3
41,4,4,5,134,4,424,478,4,41,50,700
67,4,5,134,379,2,379,4,291,41,4,567,4,424,4,424,478,4,41,50,700
4,66,4,222,4,165,505,4,291,291,3,4,32,62,4,58,58,50,215,4,55
0,285,635,4,5,215,96,484,2,285,3,3,50,4,3,4,3
0,285,635,4,3,5,215,96,484,2,285,3,3,50,4,3
0,285,635,4,3,2,285,3,3,50,4,3,4,3
127,377,4,180,30,3,710,4,63,180,41,50,4,4,929,241,929,253,45,4,377,15,153,686,592
5,12,406,724,4,4,6,50,63,14,123,12,2,724,3,291,15,39,710,354,63
5,12,724,3,50,226,165,4,32
4,4,4,4,4,411,4,165,4,724,4,50,63
4,403,66,322,172,3,50,4,481,66,377,4,929,4,362
519,724,468,96,484,4,63,724,67,4,354,63,724,41,50,115,2,160,322,172
67,377,4,44,456,4,403,167,481,10,4,4,922,481,10,41,50,4,724,20,519,4,724
62,4,4,50,4,3,220,53
79,47,3,63,284,4,45,47,274,45,127,50,285
32,4,79,30,3,4,364,4,17,11,357,364,50,17,47,4,10,79,4,30,33
79,4,378,30,3,746,4,3,4,4,50,378
41,4,378,41,3,4,207,4,3,215,4,215,4,3,96,484,515,50,4,3,4,15,4,3,136,505,4,3,4,291
20,4,32,378,215,4,215,96,484,30,3,30,4,2,19,3,4,3,50,378,4,66,4
18,17,16,11,12,9,7,66,4,50,481,686,150
12,110,4,33,424,117,4,33,96,217,7,15,50,33,40,115,14,357
58,2,15,117,12,260,50,33,50,4,3,114,50,4,3,31
4,32,109,24,50,265,265,4,1184,166,241,30,3,4,507,137
31,63,50,4,3,4,3
28,4,4,415,4,4,50,4,60,114,1,15,4,88
220,753,4,5,103,4,4,220,254,4,28,4,47,422,2,47,112,4,668,50,229,2,43,4
1,3,3,3,50,849,180,3,2,67,4,180,3,67
58,3,64,148,5,229,2,50,30,229
83,4,3,1,3,50,4,3,5,58,63,4,3,45
110,45,139,89,3,50,849,688,2,252,4,4,3
367,3,3,50,30,30,5,228,484,4,3
4,4,37,4,30,367,430,4,50,4,85,20,3,4,15,3,4
458,362,16,4,66,50,50,4,322,434,10
79,50,4,357,929,4,161,11,921,162,203,4
73,3,367,50,30
45,686,226,370,50,3,142,142
3,45,1,50,102,4,185,857,118,4,73,158,3,459
370,3,28,1387,102,3,104,726,3,202,4,50,137,4,409,507
80,3,3,50,284,540,15,379,4,3,4,30,3,377
277,4,5,61,3,4,377,50,50,322,717,717,47,876,30,41,284,4,4,5,115,4,3
15,1,3,5,3,98,3,139,4,109,114,50,3,4,114,3
1007,58,3,905,32,3,12,45,510,916,229,50,63
196,4,13,50,13,3,798,10,80,80,1592,4,173,174,175,1590,4,80,20,14,146,3
15,3,50,50,4,505,109,3,1341,3,118,39,12,45,50,4,164,136,30,3
4,20,83,4,58,24,3,875,233,50,103,3,507,4,103,4,4,4,40,4,103,4,32,544,4
92,666,86,1,4,3,50,4
64,58,4,28,4,4,50,4,15,466,106,3,419
50,3,103,114,50,3,3,28,5,58,3,4,3,252,4,234,215
28,4,3,103,4,252,4,942,4,5,88,174,62,979,50,5,3
613,176,4,50,3,73,4,1,0,316,124,148
67,1033,357,924,83,5,146,3,4,171,28,2,111,98,20,3,20,3,4,66,357,367,168,3,50,103,98,58,10
28,5,103,4,3,370,371,215,4,3,4,4,165,4,49,50,5,132,121,268,4,22
4,17,3,22,17,17,22,50,3
4,397,109,4,3,161,51,387,4,51,819,103,731,2,50,185,4,29,50,114,3,549,3
4,22,4,110,262,3,4,58,102,19,3,233,50,103,4,4,147,4,2,19,3
63,10,30,13,3,63,10,30,13,146,589,50,218,3,1
9,6,2,262,3,6,50,324,4,305,669,6,4,305,669,6,4,4,10,3,4,10,3
5,24,32,495,15,304,50,30,4
999,103,4,184,67,4,357,4,357,807,24,150,103,50,4
233,3,28,4,103,132,3,150,50,4,28,567,125,4,12,237,39
3,178,22,50,3,109,144,5,137,3,4,3,3,22,3,4,5,2,30,359
15,109,128,50,4,5,12,3,40,3,5,58,216,5,4,170,397,4
21,3,4,3,3,32,3,2,50,30,3
28,3,4,32,2,423,103,50,87,4,357,64,322,3,4,4,197,179
28,3,4,4,77,126,88,63,61,3,126,875,3,22,50,3
28,3,4,3,4,85,4,4,1191,4,1,3,1191,3,15,22,50,3
4,49,3,40,4,3,14,12,165,4,745,3,4,3,3,703,4,22,4,3,50,3
28,3,4,3,14,787,126,745,4,3,220,1191,22,50,3,123,726,162,80,83,4,3,284,109,4,40,4,4,22
4,356,50,63,4,4,45,528,865,4,70,51,865,356
919,356,50,90,1597,356,9,4
790,3,357,676,4,4,50,147,47,80,2,19,3,32,364,170,98,4,905,1184,109
528,3,4,3,510,41,4,356,50,63,528,4,4
83,3,4,4,4,134,67,4,237,903,21,4,4,4,919,823,237,919,367,50,30,24
98,3,5,2,83,3,636,62,3,50,58,109,87,88,5,103,106,88,215,3
28,3,4,4,28,540,220,4,50,5,2,83,80,4,5,2,19,1
83,3,4,4,443,50,4,28,3,4,4,41,1,4
28,3,4,87,40,4,884,220,50,1,66
28,3,4,145,468,121,50,5,23,24
1,72,4,50,5,121,2,415,717,4,20,206,66,4
220,4,41,12,86,105,127,198,190,356,50,5,24,22,3,68,377,103,24
872,4,50,4,354,430,148,1029,3
106,244,263,4,226,93,289,4,866,263,4,50,5,0
28,4,289,4,85,124,4,4,72,4,50,28,4,132
106,4,4,98,4,50,63,4,1191,3,410,4,613,4
28,3,4,12,3,22,40,2,66,85,3,80,45,50,5,4,191,4,160,5,4,405,543,4
40,4,50,5,849,2,295,85,3,83,41,4,260,252,4,4,81,567,3,4,80,543,106,45
15,4,48,91,24,12,45,1029,3,4,28,217,375,234,3,4,50,50,102,4,241,4,4,285,4,66,217
118,50,1229,73,142,214,4,3,4,1315,4,13,227,4,3,4
50,4,133,4,1030,659,4,4,85,316,124,3,4
151,50,151,139,4,1252,5,24,1202,1252,96,631,886
80,4,4,39,1,4,4,45,60,13,3,72,4,4,45,417,151,512,1150,818
559,123,245,4,284,123,821,50,4,39,930
419,419,503,377,954,50,4,103,276,4,4,66,20
4,4,28,3,249,252,4,414,50,3,798,45,86,285,5,566,79
977,310,153,4,977,121,502,1252,73,4,50,30,395,337,21
4,28,3,249,538,538,355,181,3,85,4,105,50,524
50,4,1,217,73,4,380,143,4,46,1394,4,1,3,15,4,979,4,520,4
144,284,20,4,180,417,4,274,4,4,50,23,24,1029,3
608,4,151,103,50,401,28,172,172,111,172
4,28,3,127,50,13,40,268,1391,301,4,4,13,65,80,4,263,631,226,28,4,80
73,24,4,220,32,121,4,103,4,91,158,4,50,1,4,1394,27,1191,4
4,126,410,4,50,1,503,188,427
4,28,3,249,4,3,50,49,50,322,150,300
4,4,1,4,4,4,19,12,98,4,24,3,50,1,50,322
476,724,366,47,50,1229,1004,4,1191,3,676,4,120,6
240,666,3,2,218,3,326,4,4,4,4,115,2,4,19,4,50,50,102
4,28,3,249,4,3,50,49,50,322,150,300
4,4,1,4,4,4,19,12,98,4,24,3,50,1,50,322
476,724,366,47,50,1229,1004,4,1191,3,676,4,120,6
240,666,3,2,218,3,326,4,4,4,4,115,2,4,19,4,50,50,102
1210,247,248,5,249,4,2,276,2,215,2,80,20,2,264,2,206,4,4,397,4,376,1425,50,30,229,15
1,4,1029,3,367,442,229,1425,50,30,4,521,20,568,111,397
1220,4,50,151,337,21,220,28,4,4,337,47
85,50,286,4,63,2,576,73,4,1,45,80,20,4,20,215,646,284,3,284,3,4,234,2,252,4,4
28,3,4,139,4,3,4,217,329,285,4,4,3,50,284,3,290,22,284,3
4,4,220,398,80,1,1,50,102
50,4,745,24,1301,5,23,4,222,4,245,4,106,4,4,397
73,4,377,1394,284,3,284,22,143,4,4,72,4,4,15,3,42,541,50,3
50,4,311,419,425,28,4,72,716,98
85,4,50,15,980,821,367,430,68,1230,624,4,1324,24,3
32,12,285,32,12,172,60,3,403,419,609,58,176,50,29,286,29,1047
145,3,4,4,419,4,340,50,5,13,1047,284,4
5,121,3,4,4,97,50,121,538,284,723,4,49,276,5,68,523
1,1,0,288,252,234,530,63,72,50,4,4
953,3,22,119,50,30,153
12,3,132,3,4,127,4,499,3,109,50,4,50
3,364,221,276,573,220,6,50,65,4,387,3,535,3,1403,4,3
220,90,3,67,50,44,4,60,4,608
603,243,3,634,24,3,23,50,284,1029,3
56,3,4,3,285,50,3,13,538,85,4
1,50,419,220,853,48,4,419,953
4,3,522,4,288,15,3,4,322,106,322,125,50,4,4
283,315,315,104,102,50,4,227
15,4,4,934,1372,50,13,1115
3,4,507,50,386,4,387,4,28,217,4,66,4,2,4,266,383
80,4,120,144,4,145,144,144,80,176,50,144,85,176
220,228,15,22,50,3,3
41,4,102,264,113,59,50,5,2,66,160,4,45,64,121,41,4,4,229,64,4
144,220,1571,4,102,50,5,587,587,160,247
28,220,102,4,74,4,359,72,4,4,4,5,520,50,5,66,4
28,220,102,50,1,4,229,1087,4,40,45,183,45,4
4,41,4,4,132,4,300,4,28,30,171,4,1128,45,4,119,4,50,118,189,4,66,4
58,121,2,40,160,247,29,45,50,229
4,28,4,15,12,63,15,65,0,4,4,59,268,50,4
12,65,15,65,12,121,40,106,4,4,881,4,66,4,50,1,4,263,229,20,432
2,111,66,4,66,121,258,50,4,123,102,4,229,4,66,121
58,678,2,66,50,24,2,58,74,2,443,4,66,359,58,359,443,4,66,74,28,106,4,678
2,41,4,102,60,59,40,4,64,2,66,50,24,4,106,12,116,17,88,111,40
5,4,15,567,752,162,50,63,4,156
83,109,50,30,153,4,29,12,263
41,251,43,106,162,4,4,60,4,15,121,50,24
4,123,855,973,50,24,471,4,367,4,120,4,145,110,367,4,4,1045
409,277,254,87,102,12,277,80,13,102,40,88,60,4,50,5,0,32,4,72
14,2,4,1289,189,152,1007,125,345,151,4,50,1541,616,125,4,310
85,374,50,24,15,176,85,4,4,2,41
4,4,5,66,4,32,72,50,5,301,4,65,4,121
128,3,4,3,50,22,3,4,4,39,50
4,3,4,112,1,4,3,4,4,126,22,50,103,29,374,24
32,3,666,2,3,3,30,96,484,22,50,3
4,220,240,284,4,3,4,291,4,717,30,717,4,905,395,50,357,7,290,18,484,3,4,301,4,50,3
100,252,4,4,3,5,1741,32,4,4,50,4,3,126,50,4,3
1445,4,284,186,4,4,192,345,468,4,50,4
110,4,127,50,30,4,10,174,10,175,139,4,174,3,4,175,3
277,3,15,4,4,277,3,15,50,103,3
110,3,4,1,2,1,110,160,3,4,23,50,4,3,2,1,3,240,284,4,3,4,3
4,98,103,109,50,137,13,2,83,370,4,13,86,4,2,277,4,284,2,240,4
377,50,147,127,378,134,647,3,2,66,3,22,1050,3,4,301,287,385,3,4,377,166,233,5,3,127
4,50,3,50,3,50,322,3,2,240,30,768
4,80,3,3,4,3,50,185,4,24,3
4,112,1,14,2,32,40,88,4,4,233,4,203,48,59,49,50,73,2,73
161,69,392,345,807,161,69,345,50,50,392,10,41,22,284,495,3
22,3,3,50,5,3,16,17
66,22,3,160,392,356,285,50,4,68,1007,147,468,284,22
37,4,3,4,45,177,4,3,4,862,50,3,4,4
4,3,3,15,170,29,387,819,48,148,862,50,3,41,4
4,3,88,1205,5,24,128,4,102,172,4,1061,50,4,4,4,58,4,109
22,3,3,22,3,23,58,50,4,528,567,23,472,468,293,3,5,419,419,30
28,40,4,5,3,259,50,4,4,2,111,4,283,28,3,4,381,0,85,58,284,172
28,3,222,3,4,4,2,28,4,4,1
81,41,3,4,30,264,3,139,1435,50,5,3
419,3,4,3,3,50,3,28,493,4,3,749,3,4,66,151,634,4,399,80,4,3
110,3,50,22,4,128,425,4,5,4,430,106,68,3
127,293,50,293,284,3,4,32,411,5,1
127,377,50,147,128,215,284,3
429,5,215,3,12,45,66,477,50,50,50,322,3,19,22,3
