20379,20380,20381,20381,20381,20382,20382,20382,20383,20384,20385,20385,20385,20386,20387,20388,20388,20388
10121,10122,10122,10123,10123,10124,10125,10126,10127,10127
10150,10151,10152,10152,10153,10153,10154,10155,10156,10156,10157,10156,10156,10156,10156
10419,10420,10421,10421,10421,10422,10423,10424,10424,10425,10426,10427,10427,10428,10429,10429,10430,10431,10431
10639,10640,10641,10642,10643,10644,10645,10646,10647,10648,10649,10650,10650,10651,10652,10653,10653,10654,10654,10654
10725,10726,10727,10728,10728,10728,10729,10729,10729,10730,10731,10732,10732,10732,10733,10734,10735,10736,10737,10738,10738,10738,10739,10740,10741,10741
10773,10774,10775,10775,10775,10776,10776,10776,10776,10776,10777,10778,10778,10778,10778,10779,10780,10780
11771,11772,11772,11773,11774,11775,11776,11777,11778,11779,11779,11779,11780,11781,11782,11783,11784,11785
12466,12467,12468,12468,12469,12470,12470,12471,12471,12472,12473,12474,12474,12474,12475,12475,12475,12475,12475,12475,12475,12475,12475,12475
13129,13130,13130,13131,13132,13132,13132,13132,13132,13132,13132,13133,13134,13135,13136
13981,13982,13983,13983,13984,13985,13985,13986,13986,13987,13988,13989,13989,13990,13990,13991
14356,14357,14358,14358,14359,14360,14361
17880,17881,17881,17882,17883,17884,17885,17886,17886,17887,17887,17888,17889,17890
18020,18021,18021,18021,18022,18023,18023,18024,18025
18410,18411,18412,18413,18413,18414,18414,18415,18416,18416,18417
18466,18467,18468,18469,18470,18470,18466,18466,18466,18466,18471,18471,18472,18473,18473,18474,18475
18603,18604,18605,18606,18607,18608,18609,18610,18610,18611,18612
18987,18988,18988,18989,18990,18991,18991,18992,18993,18994,18994
19036,19037,19038,19038,19039,19040,19041,19042,19042,19043,19044,19045,19046,19046
19501,19502,19503,19504,19505,19506,19506,19506,19507,19508,19509,19510,19510,19510
16978,16979,16980,16980,16980,16981,16982,16982,16982,16983,16984,16985,16985,16985,16986,16987,16988,16988,16988
19622,19623,19624,19625,19626,19627,19627,19628,19629,19630,19631,19632,19633,19634,19635
20830,20831,20832,20833,20834,20835,20836,20837,20837,20837,20837,20837,20837,20837,20838,20839,20840,20841,20841
21311,21312,21313,21314,21315,21315,21315,21316,21317,21318,21319,21320,21321,21322,21323,21323
11020,11021,11022,11022,11022,11022,11023,11024,11024,11025,11026,11026,11027,11028,11029,11029,11029,11030
11168,11169,11169,11170,11171,11172,11173,11174,11174,11174,11175,11176,11177,11177,11178,11179,11180,11180,11180
11240,11241,11242,11242,11243,11244,11245,11246,11247,11247
11323,11324,11325,11326,11327,11327,11328,11329,11330,11331,11332
11358,11359,11360,11361,11362,11363,11364,11365,11366,11366,11367,11367,11367,11367,11368,11369,11370,11371
11800,11801,11802,11803,11804,11805,11806,11807,11808,11809,11810,11811,11812,11813,11814,11814,11815,11816,11817,11818
11945,11946,11947,11947,11948,11949,11949,11950,11951,11951,11952,11953,11953,11953,11953,11953,11953,11954,11955,11955,11956,11956,11956
11957,11958,11959,11959,11960,11960,11960,11961,11962,11963,11964,11964,11964
12012,12013,12013,12014,12014,12015,12016,12017,12017,12018,12018,12018,12019,12020,12021
12330,12331,12332,12332,12332,12332,12333,12334,12334,12334,12334,12335,12336,12337,12338,12338,12338
13663,13664,13665,13665,13665,13665,13665,13665,13666,13667,13668,13668,13669,13670,13671,13671,13672,13673,13674
13823,13824,13824,13824,13825,13826,13827,13827,13828,13828,13828,13828,13828,13828,13829,13830,13831,13831
13875,13876,13876,13876,13876,13876,13876,13876,13877,13878,13878
14124,14125,14126,14126,14127,14127,14128,14128,14129,14130,14131,14131,14132,14133,14133,14133
14399,14400,14401,14402,14402,14402,14402,14402,14402,14403,14404,14405,14405
14457,14458,14458,14459,14460,14460,14461,14462,14463,14464,14464,14465,14466,14466
14416,14416,14416,14416,14417,14417,14417,14417,14418
14630,14631,14632,14632,14633,14634,14635,14636,14636,14637,14638,14639,14640,14641,14642
14916,14917,14918,14918,14919,14920,14921,14922,14923,14924,14925,14926,14927,14928,14928,14928,14929,14930,14931
14956,14957,14958,14959,14960,14961,14962,14963,14964,14965,14966,14967,14968,14969,14970,14971,14972,14973,14974,14975,14976,14976,14977
15090,15091,15092,15092,15092,15093,15094,15095,15096,15097,15098,15099,15099
15253,15254,15254,15254,15255,15256,15257,15258,15259,15260,15261,15261,15261,15262,15262,15263,15264
101839,101840,101841,101842,101843,101844,101844,101845,101846,101847,101847,101848,101849,101850,101851,101852,101852
102360,102361,102362,102363,102364,102364,102365,102365,102366,102367,102368,102368,102369,102370,102371,102371,102371
102392,102393,102394,102395,102396,102397,102398,102399,102400,102401,102401,102402,102403,102404,102405,102406,102407,102408,102409,102410,102411
103358,103359,103359,103359,103359,103360,103361,103359,103359,103362,103363,103364,103365,103366,103366,103366,103366,103366,103366,103366,103366
103278,103278,103279,103280,103281,103282,103282,103280,103283,103284,103285
102788,102789,102790,102791,102791,102791,102791,102791,102792,102793,102794
103419,103420,103421,103422,103422,103422,103422,103423,103424,103425,103426,103426,103426,103427,103428,103429,103430,103431,103432,103432,103433,103434,103435,103435
103547,103548,103549,103549,103550,103551,103552,103553,103554,103555,103555,103556,103557,103558,103558
104045,104046,104047,104047,104047,104048,104048,104049,104050,104050
104602,104603,104604,104605,104606,104606,104607,104608,104608,104608,104609,104610,104611,104612,104613,104613,104614,104615
105419,105420,105420,105421,105422,105423,105424,105425,105426,105427,105427,105427,105427
105948,105949,105950,105950,105951,105952,105953,105954,105954,105954
106028,106029,106030,106031,106032,106033,106034,106035,106036,106036,106036
106081,106082,106082,106082,106083,106084,106082,106085,106086,106087,106088,106088,106088,106088
107285,107286,107286,107287,107288,107288,107288,107289,107289,107289,107289,107289,107289,107289,107289
107300,107301,107301,107301,107301,107302,107303,107303,107304,107304
107315,107316,107316,107317,107318,107318,107319,107320,107320,107320,107320,107321,107322,107322,107322
107331,107332,107332,107332,107333,107334,107335,107336,107337,107338,107338,107338,107338,107338,107338
107355,107356,107356,107356,107356,107356,107356,107357,107358,107359,107359
107611,107611,107611,107612,107613,107614,107615,107616,107616,107617,107618,107619,107620,107620,107620,107620
107714,107714,107714,107714,107714,107714,107714,107715,107716,107716,107716,107717,107717,107718,107719
107738,107739,107740,107741,107741,107742,107743,107743,107743,107743,107744,107745,107746,107747,107748,107749,107750
108179,108180,108181,108182,108183,108183,108184,108185,108186,108187,108187,108188,108189,108190,108191,108192,108193,108193
108194,108195,108195,108196,108197,108197,108198,108199,108199,108200,108201,108202,108203,108204,108205,108206,108206
108610,108611,108611,108612,108613,108614,108614,108615,108615,108616,108617
108482,108483,108484,108484,108484,108485,108486,108486,108487,108488,108489,108489,108489,108490,108491,108492,108493,108494,108495,108496,108497,108498,108499,108500,108501,108502,108503
108723,108724,108724,108725,108726,108726,108727,108728,108729,108730,108731,108732,108733
109020,109021,109022,109023,109024,109025,109026,109026,109027,109028,109029,109029,109030,109030,109030
109328,109329,109330,109331,109332,109333,109334,109335,109336,109336,109336,109337,109337,109337
109464,109465,109466,109466,109466,109467,109468,109469,109469,109469,109469,109469,109470,109471,109472,109473,109474,109474,109475,109475
109516,109517,109518,109519,109520,109521,109522,109522,109523,109524,109525,109526,109527,109528,109529,109530,109530
109660,109661,109661,109662,109662,109663,109663,109664,109665
109764,109765,109766,109766,109767,109768,109769,109770,109771,109771,109772,109773,109774,109775,109776,109777,109778,109779,109780,109780,109780,109780
110001,110002,110003,110004,110004,110004,110005,110006,110007,110008,110009,110009,110010,110011,110012,110013,110014
110132,110133,110133,110133,110133,110134,110135,110136,110136,110137,110138,110139,110139,110139,110139,110140,110141,110142,110143
110529,110530,110530,110530,110531,110532,110533,110534,110535,110536,110537,110538,110538,110538,110538,110538,110538
110495,110496,110496,110497,110498,110498,110499,110499,110499,110499,110499
110308,110309,110310,110311,110312,110312,110313,110313,110313,110313,110314,110315,110316,110317
110398,110399,110400,110400,110401,110401,110402,110403,110404,110405,110405,110406,110407,110408,110409,110410,110411
110318,110319,110319,110319,110320,110321,110321,110322,110322,110323,110324,110324,110325,110326,110326,110327,110328,110329
197999,198000,198001,198002,198002,198002,198003,198004,198005,198006,198007,198008,198009,198010,198011,198012,198013
198115,198116,198117,198118,198119,198120,198121
198479,198480,198480,198481,198482,198482
198530,198530,198531,198532,198533,198534,198534,198535,198536,198537,198538,198538
199544,199545,199546,199547,199548,199549
199883,199884,199885,199886,199887,199888,199889,199890
199958,199959,199960,199961,199962,199963,199963,199963
200481,200482,200483,200484,200484,200484,200485,200486,200487,200487,200488,200489,200490
200882,200883,200884,200885,200886,200887,200888
201798,201799,201800,201801,201802,201803
202193,202194,202195,202196,202197,202197,202198,202199
202341,202342,202343,202344,202344,202345,202346,202347,202347
202371,202372,202373,202374,202375,202376,202377,202378,202379,202380
202394,202395,202396,202396,202396,202397,202398,202399,202400,202401
202448,202449,202449,202450,202451,202451,202452,202452,202452,202453,202454
202908,202909,202909,202910,202911,202911,202912,202912,202912
203617,203618,203619,203620,203621,203622,203623,203624,203625,203626,203627,203628
203668,203668,203669,203669,203669,203670,203671,203672,203673,203674,203675
203676,203677,203678,203679,203680,203681,203682
203798,203799,203799,203800,203801,203802,203803,203804,203805,203806,203807
203949,203950,203950,203951,203952,203953
204534,204535,204535,204535,204536,204536,204537
204729,204730,204731,204731,204732,204732,204733,204733,204733
205180,205181,205182,205183,205184,205185,205186
205508,205509,205510,205511,205512,205512,205512
205620,205621,205622,205622,205623,205623,205623
206473,206474,206475,206476,206477,206478,206479,206480
207215,207216,207217,207217,207218,207219,207220,207220,207220,207220
207469,207470,207471,207472,207473,207474,207475,207475
207595,207596,207597,207598,207599,207600,207601
207942,207943,207943,207944,207945,207946,207947
208265,208266,208267,208268,208269,208270,208271,208272
209821,209822,209822,209823,209824,209824,209824
212222,212223,212224,212225,212226,212227,212228
212978,212979,212980,212980,212980,212981,212981,212981
213719,213720,213721,213722,213723,213723,213723
212291,212292,212293,212294,212295,212295,212295,212296,212297,212297
212665,212665,212666,212667,212667,212667,212668,212669,212670,212671,212672,212672,212673,212673,212673
212549,212550,212551,212551,212552,212553,212554,212554,212554
211674,211675,211676,211676,211677,211678,211678,211678
152635,152636,152637,152638,152639,152640,152640,152640,152641,152642,152643,152643,152644,152645,152646,152647,152647,152647,152647
152716,152717,152718,152719,152720,152720,152720,152721,152722,152723,152724,152725,152726,152727
153155,153156,153157,153158,153159,153159,153159,153160,153160,153160,153160,153160
153208,153209,153210,153211,153212,153213,153213,153213,153213,153214,153215,153216,153217,153218,153219,153220,153221,153222,153223,153224
153415,153416,153417,153417,153417,153418,153419,153420,153421,153422,153423,153423,153424,153425,153426,153426,153427,153428,153429,153430,153430
153899,153900,153901,153901,153902,153903,153903,153904,153905,153906,153907,153908,153908,153909,153910,153911,153912,153912,153912,153912,153912,153912
153957,153958,153959,153960,153961,153962,153963,153964,153965,153966,153967,153968,153968
153969,153969,153970,153971,153972,153973,153974,153974,153975,153976,153977,153977,153978,153979,153979,153979
153980,153981,153981,153982,153982,153983,153983,153984,153985,153985,153986,153987,153987
154012,154013,154014,154015,154016,154017,154018,154019,154020,154021,154022,154023,154024,154024,154025,154026,154026,154027,154028,154029,154030
154167,154168,154169,154170,154171,154172,154173,154174,154175,154176,154177,154178,154179,154180
154181,154182,154183,154184,154185,154185,154185,154186,154186,154187,154188,154189,154190,154190,154191,154192,154192,154192,154192,154193,154194,154194,154195,154196,154197
154316,154317,154317,154318,154318,154319,154320,154320,154320,154320,154320,154321,154322,154323,154324,154325,154326,154327
154328,154329,154329,154330,154330,154331,154331,154332,154333,154334,154335,154336,154337,154337,154338
154349,154350,154350,154351,154352,154352,154353,154353,154354,154354,154355,154355,154356,154357,154358,154359,154360,154360,154360
154419,154420,154420,154421,154422,154423,154423,154423,154424,154425,154425
154674,154675,154676,154676,154676,154676,154677,154677,154678,154679,154680,154681,154682
154723,154724,154724,154725,154726,154726,154726,154727,154728,154729,154729,154729,154730,154731,154732,154732,154732
154747,154748,154749,154750,154750,154751,154752,154752,154753,154754,154754,154754,154755,154756,154756,154756,154757,154758,154758,154758
154759,154760,154761,154762,154763,154763,154763,154764,154764,154765,154766,154766,154766,154767,154768,154769,154770
152914,152915,152916,152916,152917,152918,152918,152918,152919,152920,152921
152928,152929,152929,152929,152929,152930,152931,152931,152931,152932,152933,152934,152934,152935
152976,152977,152978,152978,152979,152979,152980,152981,152981,152982,152982,152983,152984,152985,152986,152987
152568,152569,152570,152570,152571
152716,152717,152718,152719,152720,152720,152720,152721,152722,152723,152724,152725,152726,152727
152879,152880,152881,152882,152882,152883,152884,152885,152886,152887,152888,152889,152889,152890
155365,155365,155365,155365,155365,155365,155366,155367,155367,155367,155368,155369,155370
157670,157671,157671,157672,157673,157673,157673,157674,157675,157676,157676,157676,157677,157678,157679,157680,157680
158887,158888,158889,158890,158891,158892,158892,158892,158892
158877,158878,158878,158878,158879,158880,158880,158880,158881,158882,158883,158884,158884,158885,158886
158168,158168,158169,158169,158169,158170,158170,158171,158172,158173,158174,158175,158176,158177,158178,158179
158861,158862,158863,158864,158865,158865,158865,158865,158866,158867,158868,158869,158870,158871,158872,158873,158874,158875,158876
158232,158233,158234,158235,158236,158236,158237,158238,158238,158239,158239,158239,158239,158240,158241,158242,158243,158244,158244,158245,158245
158187,158188,158189,158190,158191,158192,158192,158193,158194,158194,158195,158196,158197,158198,158199,158199,158199
158464,158464,158464,158464,158464,158464,158464,158465,158466,158467,158467,158467
158545,158546,158547,158548,158548,158549,158550,158550,158551,158552,158553,158554,158554,158555,158556,158557,158557,158557,158557,158558,158559,158560
158578,158579,158580,158580,158581,158581,158581,158581,158582,158583,158584,158585,158586,158586,158586,158586,158587,158588,158589,158590
158628,158629,158630,158631,158631,158631,158631,158631,158632,158633,158634,158634,158634,158635,158635
158656,158657,158658,158659,158660,158661,158662,158663,158664,158665,158666,158667,158668,158669,158670,158670,158670,158670
158671,158672,158673,158674,158675,158676,158676,158676,158676,158677,158678,158679,158679,158679,158680,158680,158680,158680
158815,158816,158816,158816,158816,158817,158818,158819,158819,158819,158819,158820,158821
158844,158845,158845,158846,158847,158847,158848,158849,158850,158851,158852,158853,158854,158854,158855,158856,158856,158857,158858,158859,158860
158861,158862,158863,158864,158865,158865,158865,158865,158866,158867,158868,158869,158870,158871,158872,158873,158874,158875,158876
158893,158894,158895,158895,158895,158896,158897,158898,158899,158900,158901,158902,158903,158903,158904,158905,158906,158907,158908,158909,158910,158910,158910,158911,158912
159084,159085,159085,159085,159085,159086,159087,159088,159089,159089,159090
159170,159171,159172,159173,159174,159174,159174,159175,159176,159176,159177,159178,159179,159180
159243,159244,159244,159245,159246,159247,159247,159248,159249,159250,159251,159252,159253,159254
159337,159338,159339,159339,159340,159341,159341,159341,159342,159343,159344
159388,159389,159390,159390,159391,159392,159393,159394
159458,159459,159460,159461,159462,159462,159463,159464,159465,159465,159466,159466,159466,159466,159467,159468,159469,159470
159509,159510,159511,159512,159512,159512,159513,159514,159514,159514,159515,159516,159516,159517,159518,159519,159520,159521,159522,159522,159522,159523,159524,159525,159526,159526,159527,159528,159529
156669,156670,156671,156671,156671,156671,156672,156673,156673,156674,156674,156675
156606,156607,156608,156609,156610,156611,156612,156613,156614,156614,156615,156616,156616,156616,156617,156618,156619,156620
156581,156582,156583,156584,156585,156585,156585,156585,156586
158368,158369,158370,158371,158371,158372,158373,158374,158375,158376,158376
70081,70082,70083,70084,70084,70085,70086,70087,70087
70105,70106,70107,70107,70108,70109,70110,70110
70147,70148,70149,70149,70149,70149,70149,70149,70149,70149,70149,70149,70150,70151,70152,70153,70154,70155,70155,70155,70155,70155,70155,70155
70156,70157,70157,70157,70157,70157,70157,70157,70157,70157,70157,70157,70158,70158,70158,70158,70158,70158,70158,70159,70160,70161,70161,70162,70163,70164,70164
154825,154826,154827,154828,154828,154828,154829,154829
154839,154840,154841,154841,154841,154841,154841,154841,154842,154843,154843,154843,154844,154844,154844,154845,154845,154845,154846,154846
154877,154878,154878,154878,154879,154880,154880,154880,154880,154880,154880,154880,154881,154882,154882
155075,155076,155077,155077,155078,155079,155080,155081,155081,155081,155081
154883,154884,154884,154885,154886,154886,154887,154887,154888,154889,154889,154890,154890
154954,154954,154954,154955,154955,154955,154955,154955,154955
154986,154986,154987,154988,154989,154990,154991,154992,154993,154994,154995,154995,154995,154996,154997,154998,154999,155000,155000,155000
155025,155026,155026,155026,155027,155027,155028,155028,155029,155030,155031,155031,155032,155033,155033
155049,155050,155050,155051,155052,155052,155053,155054,155055,155055,155056,155057,155057
155075,155076,155077,155077,155078,155079,155080,155081,155081,155081,155081
155329,155330,155331,155332,155333,155334,155335,155336
155317,155317,155318,155319,155320,155321,155322,155323,155324,155325,155326,155327,155328
155215,155216,155217,155218,155218,155219,155220,155221,155222,155223,155224,155225,155226,155227,155228,155229,155230,155230,155230,155230,155231,155232,155232,155233,155234,155234
155198,155199,155200,155201,155202,155203,155204,155205,155206,155207,155208,155209,155210,155211,155212,155213,155214,155214
155097,155098,155099,155099,155100,155101,155101,155102,155103,155103,155104,155105,155106
6253,6254,6255,6255,6256,6257,6257,6257,6257,6257,6257,6258,6258,6258,6259,6260,6261,6261,6261,6261,6261,6262,6263,6264,6265,6265
9337,9338,9339,9340,9340,9341,9342,9343,9344,9345,9346,9346
3086,3087,3087,3088,3088,3089,3090,3091,3091,3091,3092,3093,3094,3095
6964,6965,6966,6967,6967,6968,6969,6970,6971,6971,6972,6973,6974
5011,5011,5011,5011,5011,5011,5011,5012,5013,5014,5015,5016,5016,5016,5016
5028,5029,5030,5031,5032,5033,5033,5033,5033,5033,5033,5033,5033,5033,5034,5034,5034,5035,5036,5037,5037,5038,5039,5040,5040,5041
3476,3477,3477,3477,3478,3478,3478,3478,3479,3480,3481,3482,3482,3483,3484,3485,3485
3919,3920,3920,3920,3921,3921,3921,3921,3922,3923,3924,3925,3925,3925,3925,3926,3927
3499,3500,3501,3501,3501,3502,3502,3503,3504,3505,3506,3507,3508,3509,3509,3509,3509
8096,8097,8097,8098,8099,8100,8101,8102,8102,8102,8102,8102,8103,8104,8104,8105,8105,8106,8106,8107
9708,9708,9709,9710,9711,9711,9711,9712,9712,9712,9713,9713,9714,9714,9715,9716,9717,9718,9718,9718
3589,3590,3591,3592,3592,3593,3593,3594,3595,3596,3597,3598,3599,3600,3600,3601,3601,3601,3602,3603,3604,3604,3604
5610,5611,5612,5612,5613,5614,5614,5614,5614,5615,5615,5616,5617,5618,5618,5618,5618,5618,5618,5618,5618,5618,5619,5620
3497,3498,3498,3498,3498
2530,2531,2532,2533,2533,2534,2535,2536,2537,2538,2539,2540,2540,2541,2542,2543,2543,2544,2545,2546,2547,2548,2548,2548,2548,2548,2549,2550
1729,1730,1731,1732,1733,1734,1735,1735,1735,1736,1736,1737,1738,1738,1739,1739,1739,1739,1739,1739,1739
5118,5119,5120,5121,5122,5123,5124,5124,5125,5126,5126,5127,5128,5129,5130,5131,5132,5133,5134,5134,5135,5136,5137,5138
8259,8260,8261,8262,8263,8264,8265,8266,8267,8268,8269,8270,8271,8272,8273,8274,8275,8276,8277,8277,8278,8279,8280,8281,8282
2055,2056,2056,2056,2057
3895,3896,3897,3897,3898,3899
1714,1715,1716,1717,1717,1718,1718
6434,6435,6435,6436,6436,6436,6436,6437,6438,6439,6440,6441,6442,6442,6443,6444,6445,6446,6447,6448,6449,6449,6450,6451,6452,6452,6452,6453,6454,6455
2049,2050,2051,2051,2052,2053,2054,2054
3802,3802,3803,3804,3805,3805,3806,3807
5263,5263,5264,5265,5265,5265,5265
9265,9266,9267,9268,9269,9270,9271,9272,9272,9273,9274,9274
8705,8706,8706,8707,8707,8707,8707,8708,8708,8708,8708,8709,8710
2032,2033,2033,2034,2035,2036,2037,2038,2038
6599,6600,6601,6602,6602,6603,6604,6604,6604
8391,8392,8393,8393,8394,8395,8396,8397,8398,8399,8400,8401,8402,8402
9841,9842,9843,9843,9844,9845,9846,9847,9848,9849,9849,9850,9851,9852
4094,4095,4096,4097,4098,4099,4100,4101,4102,4103,4104,4105,4106,4107,4108
7981,7982,7983,7983,7984,7984,7984,7984,7985,7986,7987,7988,7989,7989,7989,7989
5065,5065,5065,5066,5067,5065,5065,5068,5069,5070,5071,5072,5073,5074,5074,5075,5076,5077,5078,5078
4719,4719,4719,4720,4721,4722,4722,4723,4724
5512,5512,5513,5514,5515,5516,5516,5517,5518
7862,7863,7864,7865,7865,7866,7867,7868,7869,7870
10026,10027,10028,10028,10028,10029,10029,10030,10030,10030
6548,6548,6548,6549,6550,6551,6552,6552,6553,6554,6555,6556,6557,6558,6559,6559,6559,6559,6559,6559,6560
6943,6944,6945,6946,6947,6948,6949,6950,6951,6952,6953,6954,6955,6956,6956,6957,6958,6959,6960,6960,6961,6962,6963
8721,8722,8722,8723,8723,8723,8723,8723,8723,8723,8723,8723,8724,8725,8726,8727,8728,8729,8730,8731,8732,8733,8733
3649,3650,3651,3651,3651,3652,3653,3654,3655,3656,3657,3658,3659,3660,3660,3661,3661,3661,3661,3661,3661,3661,3661,3661
4747,4748,4749,4750,4751,4751,4752,4753,4754,4754,4754,4755,4756,4757,4758,4758,4759,4760,4761,4761,4762,4763,4763,4764,4764,4764
1411,1412,1413,1414,1414,1414,1414,1415,1416,1417,1418,1419,1419,1420,1421,1422,1423,1423,1424,1425,1426,1427,1428,1429,1430,1431,1432
1651,1652,1653,1653,1653,1653,1651,1651,1651,1654,1655
3829,3830,3831,3832,3833,3833,3834,3834,3834,3834
6030,6031,6032,6032,6032,6033,6034,6034,6035,6036,6037
6162,6163,6164,6165,6165,6165,6166,6167,6168,6169,6169
6310,6311,6312,6313,6313,6313,6313,6314,6315,6316
7525,7526,7526,7527,7527,7527,7527,7527,7528,7529
144302,144303,144303,144304,144305,144305,144306,144307,144307,144308
145912,145913,145914,145914,145914,145915,145916,145917,145917,145917,145917,145918,145918,145918,145919,145920,145920,145920,145920,145921,145921,145921,145922,145923,145924
146930,146931,146932,146933,146934,146934,146935,146936,146936,146937,146938,146938,146939,146939
146916,146917,146917,146918,146919,146920,146920,146921,146922,146923,146923,146924,146925,146926,146926,146927,146928,146928,146929
143739,143740,143740,143741,143742,143743,143743,143744,143745,143746,143746,143746,143746,143747,143747,143748,143748,143749,143750,143750,143751,143751
148862,148863,148864,148864,148865,148866,148867,148868,148869,148870,148871,148872,148873,148873,148874,148874,148874,148874,148875,148876,148877,148877,148878,148879,148880,148881
147979,147980,147981,147981,147981,147982,147983,147983,147984,147985,147985,147985,147985,147985,147986,147987,147987,147988,147989,147989,147990,147991,147991,147991,147992,147993,147993,147993
147874,147875,147876,147876,147877,147878,147879,147880,147881,147882,147882,147883,147884,147885,147886,147886,147887,147888,147889,147890,147891,147892,147893,147893
145955,145956,145957,145957,145958,145958
149500,149501,149501,149502,149503,149504,149504
145810,145811,145812,145813,145814,145815,145816,145817,145818
144382,144383,144384,144385,144386,144387,144388,144388,144388
148219,148220,148220,148221,148222,148223,148224,148224,148224,148224,148225,148226,148227,148228,148229
148345,148346,148347,148347,148347,148347,148348,148349,148350,148351,148352,148353,148354,148355,148356,148357
149359,149360,149361,149361,149362,149363,149364,149364,149365,149366,149367,149368,149369,149370,149371,149372
145979,145980,145981,145981,145982,145983,145983,145983,145984,145985,145985,145986,145987,145988,145989,145990,145991
148305,148306,148307,148307,148308,148309,148310,148311,148312,148312,148313,148314,148315,148316,148317,148318
147368,147369,147370,147371,147371,147372,147373,147374,147374,147375,147375,147376,147377,147378,147379,147380,147380,147381
148103,148104,148105,148105,148106,148107,148108,148109,148110,148111,148112,148113,148114,148115,148116,148117,148117,148118
148230,148231,148232,148233,148234,148235,148236,148237,148238,148238,148239,148240,148241,148242,148243,148244,148245,148246
144835,144836,144836,144837,144838,144839,144840,144840,144841,144842,144843,144844,144845,144846,144846,144847,144848,144848,144849
143802,143803,143804,143804,143805,143806,143806,143807,143808,143808,143809,143810,143811,143812,143813,143814,143815,143816,143817,143818
144557,144558,144559,144560,144560,144561,144561,144562,144562,144562
143720,143721,143722,143722,143723,143724,143724,143725,143726,143727,143728,143729,143730,143730,143730,143730,143731,143732,143733,143733
145966,145967,145967,145967,145967,145968,145969,145970,145970,145970,145971,145972,145973,145970,145970,145970,145974,145975,145976,145976,145977,145978,145978
144950,144951,144952,144953,144953,144953,144954,144955,144956,144957,144958,144958,144959,144960,144961,144961,144962,144963,144964,144965,144966,144967,144967,144968,144969
146256,146257,146257,146257,146258,146259,146260,146261,146261,146262,146263,146263,146264,146265,146266,146266,146267,146268,146269,146269,146269,146269,146269,146269,146269,146269
148358,148359,148360,148361,148362,148362,148363,148364,148365,148366,148367,148367,148367,148367,148367,148368,148369,148370,148371,148372,148373,148374,148375,148376,148377,148378
146296,146297,146297,146298,146298,146299,146299,146299,146300,146301,146301
146084,146085,146085,146085,146086,146087,146088,146089,146090,146090,146091,146091
145838,145839,145840,145841,145842,145842,145842,145842,145842,145843,145844,145845,145845
145852,145853,145854,145855,145856,145856,145857,145858,145858,145859,145860,145861,145861
147793,147794,147795,147795,147795,147796,147796,147797,147798,147799,147799,147799
149282,149283,149284,149285,149286,149287,149288,149289,149289,149290,149291,149292,149293
144389,144390,144391,144392,144393,144394,144394,144395,144395,144395,144395,144396,144396,144397,144398
145819,145820,145821,145822,145823,145823,145824,145825,145826,145827,145827,145828,145829,145830,145830
143777,143778,143779,143780,143781,143782,143782,143783,143784,143785,143786,143787,143787,143788,143788,143788
147106,147107,147108,147108,147108,147108,147108,147109,147110,147110,147110,147111,147112,147112,147113,147113
147357,147358,147359,147359,147359,147359,147359,147360,147361,147361,147362,147363,147364,147365,147366,147367
146194,146195,146196,146197,146198,146199,146200,146200,146200,146201,146202,146203,146204,146204,146205,146206,146207
144223,144224,144224,144224,144225,144225,144226,144226,144226,144226,144227,144227,144228,144229,144229,144229,144229
145116,145117,145118,145119,145119,145119,145120,145120,145120,145121,145122,145122,145123,145124,145124,145125,145126
149268,149269,149270,149271,149272,149272,149273,149274,149275,149276,149277,149277,149278,149279,149279,149280,149281,149281
144508,144509,144509,144510,144510,144511,144511,144512,144513,144514,144514,144515,144515,144516,144517,144515,144515,144515,144515
144806,144807,144808,144808,144809,144809,144809,144809,144810,144811,144812,144812,144812,144813,144814,144815,144815,144816,144817
146276,146277,146278,146279,146279,146280,146281,146282,146282,146282,146282,146282,146282,146283,146284,146285,146286,146286,146286
146814,146815,146815,146816,146816,146817,146818,146818,146818,146818,146819,146820,146820,146820,146821,146822,146823,146824,146824
148696,148697,148698,148698,148699,148699,148700,148701,148701,148702,148703,148703,148703,148704,148705,148705
145014,145015,145016,145017,145015,145015,145018,145019,145020,145021,145021,145022,145023,145024,145025,145026,145026,145026,145026
146783,146784,146785,146785,146785,146785,146785,146785,146786,146787,146787,146787,146788,146788,146788,146789,146790,146791,146792,146792
101141,101141,101141,101142,101143,101144,101145,101146,101147,101147,101148,101149,101150,101151,101152,101152,101153
96869,96870,96871,96872,96872,96873,96874,96874,96875,96876,96877,96877,96878,96879,96879
94182,94182,94183,94184,94184,94184,94184,94184,94184
93769,93770,93771,93772,93772,93773,93774,93774,93775,93776,93777,93778,93779,93779,93780,93781
91241,91241,91242,91243,91242,91244,91244,91244,91245
92612,92613,92613,92614,92614,92615,92616,92616,92617,92618,92619
101102,101103,101104,101105,101105,101106,101107,101108,101109,101110,101110
93961,93962,93963,93964,93965,93965,93966,93967,93968,93968,93969,93970,93971,93972,93973,93974,93975,93976,93977,93978,93978,93978,93979,93980,93981,93982
91107,91108,91109,91110,91110,91110,91111,91112,91113,91114,91114,91114
91672,91673,91673,91673,91673,91673,91674,91675,91675,91676,91677,91678
89464,89465,89465,89466,89467,89468,89469,89470,89470,89471,89472,89473,89474
90153,90154,90154,90155,90156,90157,90157,90158,90159,90160,90161,90161,90162
94185,94185,94185,94186,94186,94187,94188,94189,94189,94189,94189,94189,94189
94479,94480,94481,94482,94482,94482,94483,94484,94484,94484,94485,94486,94487
92077,92077,92078,92079,92080,92081,92082,92083,92084,92085,92086,92086,92086,92086
92603,92604,92604,92605,92606,92607,92607,92607,92608,92609,92610,92610,92611,92611
92683,92684,92684,92685,92685,92685,92685,92685,92685,92685,92686,92687,92687,92687
92171,92172,92173,92173,92173,92174,92175,92176,92176,92176,92176,92176,92177,92178,92178
99616,99616,99617,99618,99618,99619,99620,99621,99622,99623,99624,99625,99625,99625,99625
92480,92480,92481,92482,92483,92484,92485,92486,92487,92487,92488,92489,92489,92490,92491,92491
97681,97682,97682,97683,97684,97685,97686,97687,97688,97689,97690,97691,97691,97692,97693,97694
99644,99644,99644,99644,99645,99646,99647,99647,99648,99649,99650
90318,90319,90320,90320,90321,90322,90323,90324,90325,90325,90326,90327,90328,90329,90330,90331,90332,90333
90885,90886,90887,90888,90888,90889,90890,90891,90892,90893,90893,90894,90895,90896,90897,90898,90898,90898
91347,91347,91348,91349,91349,91350,91350,91351,91352,91353,91353,91354,91355,91355,91355,91355,91356,91357
139790,139791,139792,139792,139793,139794,139795,139795,139795,139796,139797,139798,139798,139799,139799
141294,141295,141296,141296,141297,141298,141299,141299,141300,141301,141302,141303,141304,141304,141305
140426,140427,140428,140429,140430,140431,140431,140431,140431,140429,140432,140433,140433,140429,140429,140429,140429
138536,138537,138538,138539,138540,138540,138540,138540,138540,138540,138541,138541,138542,138542,138542,138543,138544,138545,138545
142616,142617,142618,142619,142620,142620,142620,142621,142622,142623,142623,142624,142625,142626,142627,142628,142629,142629,142629,142629,142630,142630,142631,142632,142632,142632,142632,142633,142634,142635,142636,142636
137301,137302,137303,137304,137305,137306,137307,137307
140943,140943,140944,140945,140946,140946,140946,140946
139753,139754,139755,139755,139755,139756,139756,139757,139758,139759,139759,139759,139759,139760,139761,139761,139761,139761,139762,139763,139764,139765,139766,139766,139767,139767,139767,139767,139768,139769,139770,139770,139771,139771
139899,139900,139900,139900,139900,139901,139902,139903,139904,139905,139906
140053,140054,140054,140054,140054,140054,140055,140056,140056,140056,140057,140058,140059
140893,140894,140894,140894,140894,140894
142287,142288,142289,142290,142291,142291,142292,142293,142294,142295,142295,142296,142297,142298,142299,142299,142300,142301,142302
137283,137284,137285,137286,137287,137287,137288,137289,137290,137290
138135,138136,138136,138136,138137,138137,138138,138139,138140,138140,138141,138142,138143,138144,138145,138146,138147,138148,138149,138150,138151
138790,138791,138792,138792,138792,138793,138793,138793,138794,138795,138796,138796,138797,138797,138798,138799,138799,138799,138800,138800,138801,138801,138801
139554,139555,139556,139556,139556,139556,139556,139556,139556,139556,139556,139556,139556,139556,139556,139556,139556,139556,139557,139558,139558,139559,139560
139800,139801,139802,139803,139804,139805,139806,139807,139807,139808,139809,139809,139810,139811,139812,139813,139814,139814,139815,139815,139815,139816,139816,139816,139816
139158,139159,139160,139160,139160,139161,139161,139161,139162,139163,139163,139163,139164,139164,139164,139165,139166,139167,139168,139169,139170,139171,139172,139173,139174,139175
140567,140568,140568,140569,140569,140570,140571,140572,140573,140573,140573,140573,140574,140575,140576,140576,140577,140578,140579,140580,140580,140580,140580,140581,140581,140581,140581,140582
139133,139134,139134,139135,139136,139136,139137,139137,139137,139138,139139,139140,139141,139142,139143,139143,139144,139144,139145,139146,139147,139147,139147,139147,139148,139149,139150,139150,139150,139151,139151,139151
138582,138583,138584,138584,138585,138586,138587,138587,138588,138589,138590,138590
139176,139177,139178,139178,139179,139179,139179,139179,139180,139181,139182,139182,139182
141529,141530,141531,141531,141532,141533,141534,141535,141535,141536,141537,141537,141537
137291,137292,137293,137294,137294,137294,137294,137295,137296,137297,137297,137298,137299,137300
141538,141539,141539,141539,141539,141539,141539,141539,141540,141541,141541,141542,141543
189169,189169,189170,189171,189172,189173,189173,189174,189175
188148,188149,188149,188150,188151,188152,188153,188153,188154,188155,188156,188157,188158,188159,188160,188161
188693,188694,188695,188696,188697,188698
188824,188825,188826,188826,188827,188828
188663,188664,188665,188665,188666,188666,188667
188753,188754,188755,188755,188756,188757
189106,189106,189107,189108,189109,189110
189176,189176,189176,189177,189178,189179,189180
188680,188681,188682,188683,188684,188684,188685,188686
188795,188795,188796,188797,188798,188798,188798,188798
188461,188462,188463,188464,188464,188464,188465,188466,188467,188468,188468,188468,188469,188470,188471,188472,188472,188473,188474,188474
189046,189047,189048,189049,189049,189050,189050,189051,189052,189053,189054
188942,188943,188944,188945,188946,188947,188948,188949,188950,188950,188951,188952,188953
189072,189073,189074,189074,189075,189076,189077,189078,189079,189080,189080,189081,189082,189082
188016,188017,188018,188019,188020,188021,188022,188023,188024,188024,188024,188025,188026,188027,188028,188028
188089,188090,188091,188092,188092,188092,188093,188094,188095,188096,188097,188098,188099,188100,188101,188102,188103
188271,188272,188272,188273,188274,188275,188276,188277,188278,188279,188279,188279,188280,188281,188282,188283,188284
188397,188398,188399,188400,188400,188400,188401,188402,188403,188403,188404,188405,188406,188407,188408,188409,188409
188410,188411,188412,188413,188414,188415,188416,188417,188418,188418,188418,188418,188419,188420,188420,188421,188421
188450,188451,188452,188453,188453,188454,188455,188456,188456,188457,188458,188459,188460,188460,188460
187977,187978,187979,187980,187981,187981,187982,187983,187984,187985,187985,187986,187986,187987,187988,187989,187990,187991
188058,188059,188060,188061,188061,188062,188063,188064,188064,188065,188066,188067,188068,188069,188069,188070,188071,188072
188592,188593,188594,188595,188595
188659,188660,188661,188662
188787,188788,188789,188790,188790
177323,177324,177324,177325,177326,177327,177327,177328,177329,177330,177330,177331,177332,177333,177333
179748,179748,179749,179749,179749,179749,179750,179750,179751,179751,179751,179752,179753,179753,179753
177974,177975,177976,177977,177977,177977,177978,177978,177978,177979,177980,177981,177981,177982,177983,177984,177984
180324,180325,180326,180327,180327,180328,180329,180330,180331,180332,180332,180333,180334,180334,180334,180334,180334,180334
179754,179755,179755,179756,179756,179756,179756,179756,179757,179758,179758,179758,179758,179759,179760,179761,179761,179762,179763
179775,179775,179776,179776,179776,179777,179777,179777,179777,179777,179777,179778,179778,179778,179778,179778,179778,179778,179778,179778
180731,180732,180733,180733,180734,180735,180735,180735,180736,180737,180738,180738,180739,180740,180741,180742,180742,180742,180742,180742,180742
175774,175775,175776,175777,175777,175777,175777,175777,175777,175778,175778,175778,175778,175779,175780,175780,175781,175782,175783,175784,175784,175784
176345,176346,176346,176346,176346,176346,176346,176346,176346,176346,176346,176347,176347,176347,176348,176349,176349,176350,176351,176351,176351,176352,176353
177071,177072,177073,177073,177074,177075,177075,177076,177076,177077,177078,177079,177080,177081,177082,177083,177083,177084,177085,177086,177087,177087,177087
178974,178975,178976,178976,178977,178978,178978,178978,178979,178980,178980,178980,178980,178981,178982,178983,178984,178985,178985,178986,178987,178987,178988,178989,178990,178990
176412,176413,176414,176414,176414,176414,176414,176414,176414,176414,176414,176414,176414,176414
180769,180769,180769,180769,180769,180770,180771,180772,180772,180772,180772,180772,180772,180772
180764,180765,180765,180765,180765,180766,180767,180768,180768,180768,180768,180768,180768,180768,180768,180768,180768,180768,180768
179549,179550,179551,179551,179551,179552,179552,179552,179553,179553,179553,179553,179554,179555,179555,179555,179555,179555,179555,179555
180304,180305,180305,180305,180306,180307,180307,180307,180308,180309,180309,180309,180310,180311,180312,180313,180314,180315,180316,180317,180317,180318,180319,180320,180321,180322,180323,180323,180323
180743,180744,180744,180745,180746,180746,180746
179468,179469,179469,179470,179471,179472,179472,179472
180011,180012,180013,180013,180013,180013,180013,180013
180022,180023,180023,180023,180023,180024,180024,180024
180241,180242,180243,180243,180244,180245,180246,180246
180218,180219,180220,180220,180221,180222,180223,180223,180224,180224
176395,176396,176396,176397,176398,176399,176400,176401,176402,176402,176403,176404
180225,180226,180226,180227,180228,180229,180229,180230,180231,180231,180232
180233,180234,180235,180236,180237,180238,180239,180239,180240,180240,180240
35349,35350,35351,35352,35353,35354,35355,35356,35356,35356
32790,32791,32792,32792,32793,32794,32795,32795,32795,32795,32794,32794,32794,32794
24961,24962,24963,24964,24965,24965,24966,24967,24968,24969,24970,24971,24971,24972,24973
24861,24862,24863,24863,24864,24865,24866,24867,24868,24868,24869,24870,24871,24872,24873,24873,24874
27148,27149,27150,27150,27151,27152,27152,27152,27152,27153,27154,27155,27156,27157,27158,27159,27160,27161
28884,28885,28886,28887,28888,28888,28888,28888,28888,28888,28888,28888,28888,28888,28888,28889,28890,28891,28892,28892,28893,28893,28893,28894,28895,28895,28895,28895,28895
29481,29482,29483,29484,29484,29485,29486,29487,29487,29488,29489,29490,29491,29492,29492,29492,29492,29492,29493,29494,29495
30948,30948,30949,30950,30950,30951,30952,30953,30954,30955
30703,30704,30705,30705,30705,30706,30707,30707,30708,30709,30709,30709
31204,31205,31206,31207,31207,31208,31209,31209,31209,31210,31210
32668,32669,32670,32670,32670,32670,32670,32671,32672,32673,32674,32674,32674,32674
32836,32837,32838,32838,32839,32840,32841,32842,32843,32844,32845,32846,32847,32848,32849,32850,32851
33046,33047,33048,33048,33049,33050,33051,33052,33052,33053,33053,33054,33055
33056,33057,33058,33058,33059,33060,33061,33062,33062,33062,33062
33098,33099,33100,33100,33101,33102,33103,33104,33104,33104,33104,33104,33104,33105,33106,33107,33108,33108,33108
33206,33207,33208,33208,33208,33208,33209,33210,33211,33211,33212,33213,33214,33215,33216,33217,33218,33218
33510,33511,33511,33512,33512,33513,33514
35813,35813,35814,35815,35815,35815,35816,35816,35816,35816,35817,35818,35818,35818,35818,35818
36098,36099,36100,36101,36102,36103,36103,36103,36104,36105,36106,36107,36107
21843,21844,21844,21845,21846,21846,21847,21848,21849,21849,21850,21851,21852
22903,22904,22905,22905,22906,22906,22906,22906
24001,24002,24003,24004,24005,24006,24006,24006,24006,24006,24007,24008
24214,24215,24216,24216,24217,24217,24218,24219,24219
25962,25963,25964,25965,25966,25966,25966,25966,25966,25967,25967,25967,25967,25967
26057,26058,26059,26060,26060,26061,26061,26061
26822,26823,26824,26824,26825,26825,26825,26825,26826,26827,26828,26828,26828
26392,26393,26393,26394,26395,26396,26397,26398,26399,26400,26401,26401,26402,26403,26403,26404,26405,26405,26405,26406,26407,26408,26408,26409,26409
26088,26089,26090,26091,26092,26092,26092,26093,26094,26094,26095,26096,26096,26097,26098,26099,26100,26101,26102,26102,26102
27449,27450,27451,27452,27453,27454,27455,27456,27457,27457,27457,27458,27459,27460,27460,27460,27460
27246,27247,27248,27249,27250,27250,27251,27251,27252,27253,27254,27255,27256,27257,27258,27259,27259,27259,27259,27259
27743,27744,27744,27745,27746,27747,27748,27749,27750,27751,27752,27753,27754,27755,27755,27756,27756,27757,27758,27758,27759
27903,27904,27905,27906,27906,27907,27908,27909,27910,27911,27912,27913,27914,27915,27916,27917,27918,27919,27920
28028,28029,28030,28031,28031,28032,28032,28033,28033,28034,28034,28034
28462,28463,28463,28464,28465,28466,28467,28467,28468,28469,28470,28471,28471
28472,28473,28474,28475,28476,28477,28478,28479,28480,28481,28482,28483,28483
28597,28598,28599,28600,28601,28602,28602,28603,28604,28605,28605,28606,28607,28608,28609,28610,28611,28612,28613,28614,28615,28616,28617,28618,28618
30948,30948,30949,30950,30950,30951,30952,30953,30954,30955
31866,31867,31868,31869,31870,31871,31872,31873,31873,31874,31874
31748,31749,31750,31751,31752,31752,31753,31754,31754,31755,31755,31755,31755,31755,31756,31757
32223,32224,32225,32226,32227,32227,32228,32229,32230,32231
24277,24278,24279,24280,24280,24281,24282,24283,24283,24284,24285,24285
23771,23772,23773,23773,23773,23773,23774,23774,23774,23774
80546,80547,80547,80548,80549,80550,80551,80551,80551,80551,80552,80553,80554,80555,80555,80556,80557,80558,80558,80559,80560,80561
80603,80604,80605,80606,80607,80608,80609,80609,80610,80611,80612,80613,80613,80614,80615,80615,80615,80616
80981,80982,80983,80983,80984,80985,80986,80987,80987,80987,80987,80988,80988
83775,83776,83777,83777,83777,83778,83779,83779,83780,83781,83782,83783,83784,83784,83785,83786,83787
84107,84108,84109,84110,84110,84111,84111,84111,84112,84113,84114,84115,84115,84116,84116,84117,84118,84119,84119,84119
84305,84306,84307,84308,84308,84308,84308,84308,84309,84310,84310,84311,84311
80706,80707,80708,80709,80709,80710,80711,80712,80713,80714,80715,80716,80717,80717,80717
80796,80797,80798,80799,80799,80800,80801,80802,80803,80804,80805,80806,80806
80841,80842,80842,80843,80844,80845,80845,80846,80846,80846,80846,80847,80848,80849,80850,80850,80850,80851,80852,80853,80853
81062,81063,81063,81064,81064,81065,81066,81066,81067,81068,81068,81068,81068
82057,82058,82059,82059,82060,82061,82062,82063,82064,82065,82065,82066,82067,82067,82067
82649,82650,82651,82651,82651,82652,82652,82652,82653,82654,82655,82656,82657,82657,82658,82659,82660,82661,82662,82662,82662,82663,82664,82665,82666,82667,82667,82667,82667,82667,82667
83394,83395,83395,83396,83397,83398,83398,83399,83400,83400
84051,84052,84052,84053,84054,84055,84056,84056,84056,84057,84058,84059,84060,84061,84062,84063,84064
84328,84329,84329,84329,84330,84331,84331,84332,84332
84800,84801,84802,84803,84803,84803,84803,84804,84805,84805,84806,84807,84808,84809,84810,84811,84811,84812,84813,84814,84815,84816,84817,84817,84818,84819,84820,84821,84821,84821,84822
84833,84834,84835,84836,84837,84838,84839,84840,84841,84841,84842,84843,84844,84845,84845,84846
85019,85020,85021,85022,85023,85024,85025,85026,85026,85027,85028,85029,85030,85031,85031,85032,85033,85033
84774,84775,84776,84776,84777,84778,84779,84780,84780,84781,84782,84782,84783,84784,84785,84785,84785,84786,84786,84787,84788,84789
85243,85244,85245,85246,85247,85248,85248,85248,85249,85250,85251,85251,85252,85253,85253,85253,85253,85253,85253,85253,85253
85524,85525,85526,85527,85527,85527,85528,85529,85530,85531,85531,85532,85533,85534,85535,85535,85535
85787,85788,85788,85789,85790,85791,85792,85793,85793,85794,85795,85795,85796,85797,85798,85799,85799,85800,85801,85802,85803,85804
85945,85946,85947,85947,85947,85947,85947,85947,85948,85949,85950,85951,85951,85952,85953,85954,85955,85956,85957,85957,85957,85958,85958,85958
86342,86343,86344,86344,86345,86346,86346,86347,86348,86349,86350,86350,86351,86352,86353,86354,86354
86320,86321,86322,86323,86323,86323,86324,86325,86326,86327,86328,86328,86329,86329,86329,86330,86331,86332,86332,86333,86334,86334,86334
86887,86888,86888,86888,86889,86889,86889,86890,86891,86892,86893,86894,86895,86896,86897,86898,86898,86898,86899,86900,86901,86901,86902,86903,86904,86905
87117,87118,87119,87120,87120,87120,87121,87122,87123,87123,87124,87125,87126,87127,87128,87129,87129,87130,87131,87132
87189,87190,87191,87192,87193,87193,87193,87194,87194,87194,87195,87196,87197,87198,87198,87199,87200,87201,87202,87203,87203,87204,87205,87206,87206,87207,87208,87209,87210,87211,87211
87234,87235,87235,87236,87237,87237,87238
87247,87248,87249,87249,87250,87250,87250,87250,87250,87251,87252,87253,87253,87253,87254,87255,87256,87256,87256,87256,87256,87257,87257,87258,87259,87259
88180,88181,88182,88182,88183,88184,88185,88186,88187,88188,88189,88190,88191,88192,88192,88193,88194
88306,88307,88308,88309,88309,88309,88309,88310,88311,88312,88313,88314,88315,88316,88317
88376,88377,88378,88379,88380,88381,88382,88382,88383,88384,88385,88386,88387,88388,88388
88107,88108,88108,88109,88109,88109,88109,88109,88110,88111,88111,88111,88112,88112,88113,88114,88114,88114,88114
86466,86467,86468,86469,86470,86471,86472,86473,86474,86475,86476,86477,86477
86094,86095,86095,86096,86097,86098,86099,86099,86099,86100,86101,86102,86102,86102,86102,86103,86104,86105,86106
85787,85788,85788,85789,85790,85791,85792,85793,85793,85794,85795,85795,85796,85797,85798,85799,85799,85800,85801,85802,85803,85804
85185,85186,85187,85188,85189,85190,85191,85192,85193
85170,85171,85172,85173,85173,85174,85175,85176,85177,85178,85179,85180,85180,85181,85182,85183,85184,85184
83870,83871,83872,83873,83874,83874,83875,83876,83877,83878,83879,83880,83881,83882,83883,83883,83884,83885,83886,83887,83888,83888,83889,83889,83890,83891,83892
83487,83488,83489,83490,83491,83491,83492,83493,83493,83493,83494,83495,83496,83497
61944,61945,61946,61947,61947,61948,61949,61950,61951,61952,61953,61954
62132,62133,62134,62135,62135,62136,62137,62138,62139,62140,62140,62140
62019,62020,62021,62022,62023,62023,62024,62025
62410,62411,62412,62413,62414,62414,62415,62415,62416,62417
62533,62534,62534,62535,62536,62537,62537,62537,62538,62539,62540,62541,62542,62542,62543,62544,62545,62545
62847,62848,62848,62849,62850,62851,62852,62853,62854,62855,62856,62857,62858,62859,62859
63150,63150,63151,63152,63153,63154,63155,63156,63157,63158,63159,63160,63161
63507,63508,63509,63510,63511,63512,63513,63514,63514,63515,63516
63525,63526,63527,63528,63529,63530,63531,63532,63533,63534,63534
63763,63764,63765,63765,63766,63767,63768,63769,63770,63770,63771,63772,63773,63774,63775
63715,63715,63716,63716,63717,63718,63719,63720,63721,63722,63723,63724,63725,63726,63726,63727,63727,63727
63884,63885,63886,63887,63888,63889,63889,63890,63891,63892,63893,63894,63895,63895
64857,64858,64858,64859,64860,64860,64861,64862,64863,64864,64864
65009,65010,65011,65012,65013,65014,65015,65015,65016,65017,65018,65019,65020,65021,65022,65023,65024,65025
65322,65323,65324,65324,65324,65324,65324,65324,65325,65326,65326,65326,65327,65328,65329,65330,65331,65332
65515,65516,65517,65517,65518,65519,65520,65520,65520,65521,65522,65523,65524,65525,65526,65527
65649,65649,65650,65651,65651,65652,65653,65653,65653,65654,65654,65654,65655,65655,65655,65655,65655
65828,65829,65830,65830,65830,65831,65832,65832,65832,65832,65833,65834,65835,65835,65836,65837,65837,65838,65839,65840,65840,65841
66080,66081,66082,66082,66083,66084,66084,66085,66086,66087,66088,66089,66090
56318,56319,56320,56320,56321,56322,56322,56323,56324
56268,56269,56270,56270,56271,56272,56272,56273,56274,56275
56846,56847,56848,56849,56850,56851,56852,56852,56852,56853,56853,56854,56854
57188,57189,57189,57190,57191,57191,57191,57192,57193,57194,57194,57195,57195,57195,57196,57197,57198,57199,57200,57201,57202
58284,58285,58286,58287,58288,58289,58289,58289
58620,58621,58621,58622,58623,58624,58625,58626,58627,58627,58627,58628,58629,58630,58631,58632
59094,59094,59095,59095,59096,59097,59098,59098,59099,59100,59101,59102,59102,59103,59104,59105
59509,59510,59511,59512,59513,59514,59515,59516,59517,59518,59519,59520,59521
60290,60291,60292,60293,60294,60295,60296,60297,60298,60299,60300,60301,60302,60303
61298,61299,61300,61300,61300,61301,61302,61303,61303,61303,61303,61303,61303,61304,61305
65943,65943,65944,65944,65945,65946,65946,65947,65948,65949,65949,65950,65950,65951,65952,65953
66035,66036,66037,66037,66038,66039,66039,66040,66041,66042,66043
66080,66081,66082,66082,66083,66084,66084,66085,66086,66087,66088,66089,66090
66292,66293,66294,66295,66296,66297,66298,66299,66300,66300,66301,66301,66301,66301
66475,66476,66477,66478,66479,66480,66481,66482,66483,66484,66485,66486,66487,66488
66544,66544,66545,66546,66547,66547,66547,66547,66547,66547,66547,66547,66548,66549
66699,66700,66701,66701,66702,66703,66704,66705,66706,66706,66707,66707,66707,66707,66708,66709,66709,66710,66711,66712,66713
66783,66784,66785,66786,66786,66787,66788,66788,66788
66714,66715,66715,66715,66716,66717,66718,66718,66718,66719,66719,66719,66720,66721,66722
66723,66724,66724,66725,66726,66727,66728,66728,66729,66730,66730,66731,66731,66731
66893,66894,66895,66896,66897,66898,66899,66899,66899,66899,66899,66899,66899,66900,66901,66901,66901,66902
66960,66961,66961,66962,66962,66962,66962,66962,66962,66963,66963,66963
67069,67069,67070,67071,67071,67071,67072,67073,67073,67073,67073,67074,67075,67075,67076
68012,68013,68013,68014,68014,68014,68015,68015,68016,68016,68017,68017,68018,68019,68020,68020
68126,68127,68127,68128,68129,68130,68131,68132,68133,68134,68134
68620,68621,68621,68621,68621,68621,68621,68621,68622,68622,68622,68623,68624,68625,68625,68625
54477,54477,54478,54479,54480,54480,54481,54482,54483,54483,54484,54484,54484,54484,54484,54484,54484,54484,54484,54484,54485,54485,54485
54924,54925,54925,54926,54926,54926,54927,54928,54928,54929,54930,54930,54931,54931
54730,54731,54731,54732,54733,54734,54735,54736,54737,54738
54945,54946,54946,54947,54948,54949,54950,54951,54952,54953,54954,54955,54956,54957,54957
55109,55110,55111,55112,55113,55113,55114,55115,55115,55116,55117
55101,55102,55102,55102,55103,55104,55105,55106,55107,55108,55108
55292,55293,55294,55295,55295,55296,55297,55298,55299,55300,55301,55302,55302,55303,55304
55331,55332,55333,55333,55334,55335,55336,55337
55394,55395,55395,55395,55396,55397,55398,55399,55399
55481,55482,55483,55484,55485,55485,55486,55486,55486,55486,55487,55488,55489,55490,55491,55492,55492,55492
55593,55594,55594,55594,55595,55595,55595,55595,55596,55597,55598,55599,55600,55600,55600,55601,55602,55603,55604,55605,55605,55605
55606,55607,55608,55609,55610,55611,55612,55613,55614,55615,55616,55616
55941,55942,55942,55942,55943,55943,55944,55945,55946,55946,55946,55947,55948,55949,55950,55951,55952,55952,55952,55953,55953
54690,54691,54691,54692,54693,54693,54693,54694,54695,54696,54697,54697
55084,55085,55086,55087,55088,55089,55090,55091,55092,55093,55094,55095,55096,55097,55098,55098,55098,55099,55099,55099,55100
55520,55521,55522,55522,55523,55524,55525,55526
55549,55550,55551,55551,55552,55552,55553,55554,55555,55556,55556
55400,55401,55401,55402,55403,55404,55405,55406,55407,55407,55407
54539,54540,54541,54542,54543,54544,54545,54546,54547,54547,54548,54549,54549,54550,54551,54551
162040,162040,162041,162042,162042,162043,162043,162043,162044,162045,162045
162079,162080,162081,162082,162083,162084,162085,162086,162087,162087,162087,162087,162088,162089,162089,162089
162236,162236,162236,162237,162238,162238,162238,162239,162240,162240,162241,162242,162243,162244,162245,162246,162247
162337,162338,162339,162340,162340,162340,162340,162341,162342,162343,162344,162345,162346,162347
162498,162499,162500,162501,162502,162503,162503,162504,162505,162505,162505,162506,162506
163126,163127,163128,163129,163130,163131,163132,163132,163132,163132,163133,163134,163135,163136,163136,163137,163137,163138,163139,163140
163008,163009,163010,163010,163011,163011,163011,163012,163013,163014,163014,163015,163015,163016,163017,163018,163019,163020,163021,163022,163023,163023,163024
163102,163103,163104,163105,163106,163107,163107,163107,163107,163107,163107,163107,163107,163108,163109,163110,163111,163112,163112
163180,163181,163181,163182,163183,163184,163185,163181,163186,163187,163188,163189,163190,163191,163192,163192,163193
163461,163462,163463,163464,163464,163465,163466,163466,163467,163468,163469,163470,163471,163471,163471,163471,163471,163471,163472,163473,163474,163474
163678,163679,163679,163679,163679,163679,163679,163680,163681,163682,163683,163683,163684,163685,163686,163686,163687
163873,163874,163874,163874,163874,163874,163874,163874,163875,163876,163876,163877,163878,163879,163880,163881,163882,163883
163579,163580,163581,163582,163583,163584,163584,163584,163585,163586,163587,163587,163588,163589,163590,163591,163591,163591,163591,163591,163592,163593,163591,163591,163594,163595
163817,163817,163818,163819,163820,163820,163821,163822,163822,163822,163822,163822,163822,163823,163823,163824,163825,163825,163825,163825,163825
163962,163963,163964,163965,163965,163965,163965
163629,163630,163630,163630,163630,163630,163630,163631,163632,163632,163632,163633,163634,163634,163635,163636,163636,163636,163637,163638,163638,163639,163640,163641,163642,163642,163643
163531,163532,163533,163533,163534,163534,163535,163535,163536,163537,163537,163538,163539,163540,163541,163542,163542,163543,163544,163544,163545,163546
163449,163450,163451,163451,163452,163453,163454,163455,163456,163457,163458,163459,163459,163460,163460,163460
163365,163366,163367,163368,163368,163369,163369,163369,163370,163371,163372,163373,163373,163374,163374,163375,163376,163377,163378,163379,163380,163381,163381
162907,162908,162908,162909,162910,162911,162912,162913,162913,162913,162913,162913,162913,162913,162914,162915,162916,162916,162916,162917,162917,162917,162917,162917
162899,162900,162901,162902,162903,162904,162905,162906
162628,162629,162630,162630,162631,162631,162632,162633,162633,162633,162633,162634,162635
189839,189840,189841,189842,189843,189844,189845,189846,189846,189847,189848,189849,189850,189851,189852,189852
189966,189967,189968,189969,189970,189971,189972,189973,189974,189974,189975,189975,189976,189977,189978
190040,190041,190041,190041,190041,190041,190041,190041,190042,190043,190044,190045,190046,190047,190047,190048,190049,190050
190146,190147,190148,190149,190150,190150,190150,190150,190151,190152,190153,190154,190155,190156,190157,190158,190159,190160,190160
190286,190287,190287,190287,190287,190288,190289,190290,190290,190291,190292,190293,190293
190352,190353,190354,190355,190356,190356,190357,190358,190359,190360,190361,190362,190363,190364,190365,190366,190367,190368
190474,190475,190476,190477,190478,190479,190480,190481,190482,190483,190484,190485
190529,190529,190529,190530,190531,190531,190532,190533,190534,190534,190535,190536,190537,190538
190980,190981,190982,190983,190984,190985,190986,190987,190987,190988,190989,190989,190989,190989,190989,190989,190989,190989,190989
191017,191018,191018,191018,191018,191019,191020,191020,191021,191021,191022,191023
214783,214784,214785,214786,214787,214788,214788,214789,214790,214791,214791,214792,214793,214794
214722,214723,214724,214725,214726,214727,214728,214729,214730,214730,214731,214732
214549,214550,214551,214552,214553,214554,214555,214556,214557,214558,214558,214558,214559,214560,214561,214562,214562
214505,214506,214506,214507,214508,214509,214510,214511,214512,214513,214514,214515,214516,214517
214448,214449,214450,214451,214451,214452,214453,214453,214454,214455,214456,214456,214457,214457
214344,214345,214346,214346,214347,214348,214349,214350,214351,214352,214352,214353,214354,214355,214356
214549,214550,214551,214552,214553,214554,214555,214556,214557,214558,214558,214558,214559,214560,214561,214562,214562
214977,214978,214979,214980,214981,214982,214982,214983,214984,214984,214984,214984,214985,214986,214986,214987,214987
214441,214442,214443,214444,214445,214445,214446,214447,214447
191024,191025,191025,191026,191026,191026,191027,191028,191029,191029,191029,191029
191030,191031,191031,191032,191033,191033,191033,191033,191034,191034,191035,191036,191037,191038,191038
191101,191102,191102,191102,191103,191104,191105,191106,191107,191107,191107
191144,191145,191145,191146,191147,191148,191149,191150,191151,191152,191152,191152,191152,191152,191152,191152
191223,191224,191224,191225,191226,191227,191228,191228,191228,191229,191230,191231,191232,191233,191234,191235,191236,191236,191237,191238,191239,191240,191241,191242,191243,191244
191579,191579,191579,191579,191579,191579,191579,191579,191579,191579,191579,191580,191581,191581,191579,191579,191579,191579
191959,191960,191960,191961,191962,191963,191963,191963,191963,191964,191964,191965,191965,191965,191965,191965,191965,191965
192051,192052,192053,192054,192054,192054,192055,192055,192056,192057,192058,192058,192059,192060,192061,192062,192063
192135,192136,192136,192137,192138,192139,192140,192140,192141,192142,192143,192143
192265,192266,192267,192268,192269,192270,192271,192272,192273,192274,192274,192274,192275,192275,192276,192277,192278,192279,192280,192281,192281
190571,190572,190572,190572,190572,190572,190572,190572,190573,190573,190574,190575,190576,190576,190577,190578,190578,190579
36194,36195,36195,36195,36196,36196,36197,36198,36198,36198,36199,36199,36200,36201,36201,36202,36202,36203,36204,36205,36205,36205
36211,36212,36212,36212,36213,36214,36214,36215,36216,36217,36217
36243,36244,36245,36245,36245,36245,36246,36246,36247,36248,36248,36248,36249,36249,36250,36250,36251
36566,36567,36567,36568,36568,36569,36570,36571,36571,36571,36572,36573,36573,36574,36574,36575,36575,36576
36634,36635,36635,36636,36636,36636,36636,36637,36637,36638,36639,36639,36640,36640,36640,36641,36642,36642,36643,36643
36672,36673,36673,36673,36673,36674,36675,36673,36673,36676,36677,36677,36673,36673,36673,36678,36679,36679
36827,36828,36829,36829,36830,36831,36832,36832,36832,36832,36833,36834,36835,36836,36836,36836,36836
37006,37007,37008,37009,37009,37010,37011,37012,37013
37014,37015,37015,37016,37017,37017,37018,37019,37020,37020,37020,37020,37020,37020,37020,37021,37022,37023,37024,37025
37052,37053,37053,37054,37054,37054,37055,37056,37057,37058,37058,37058,37059,37060
37326,37327,37328,37329,37329,37330,37331
37553,37554,37555,37556,37557,37554,37558,37559,37559,37559,37560,37561,37562,37563,37564
37843,37844,37845,37845,37846,37847,37848,37849,37850,37851,37851,37852,37853,37854,37854,37855,37856,37857,37857,37858,37859,37860
37861,37862,37863,37863,37864,37865,37865,37866,37866,37866,37866
37867,37868,37868,37869,37869,37870,37871,37871,37871,37871,37871,37872,37872,37872,37872,37872,37873,37874,37875,37876,37876
37886,37887,37888,37888,37889,37889,37890,37891,37891,37891,37891,37891,37891,37891,37891,37891,37892
37893,37894,37894,37895,37895,37895,37896,37897,37898
37914,37915,37915,37915,37916,37917,37917,37918,37918,37919,37919,37919,37919
38025,38026,38026,38027,38027,38027,38027,38027,38027,38028,38029,38030,38031,38031
38242,38243,38243,38243,38243,38244,38245,38245,38246
38283,38284,38284,38285,38285,38286,38287,38288
38546,38547,38547,38547,38548,38549,38550,38551,38552,38553,38553,38554,38555,38555
38683,38683,38683,38684,38685,38685,38686,38687,38688
39702,39703,39704,39705,39705,39705,39706,39706,39706,39707,39707,39707
39708,39708,39708,39709,39710,39710,39710,39710,39710,39710,39710,39710,39710,39711,39712,39712,39712,39712,39713,39713,39714,39715,39715,39715
39785,39786,39787,39787,39788,39789,39790,39790,39790,39790,39790,39790,39790,39790,39790,39790,39790,39790,39790
39791,39792,39793,39793,39794,39795,39795,39795,39795
39815,39816,39817,39818,39818,39818,39819,39820,39820,39820,39821,39822,39823,39824,39824
39906,39907,39908,39908,39909,39910,39910,39911,39911,39911,39911,39911,39911,39911,39911,39911,39911,39911,39911,39911,39912,39912,39912,39912
40226,40227,40228,40229,40230,40231,40232
40545,40545,40545,40546,40547,40548,40549,40550,40550,40551,40552,40553,40554,40555,40556,40557,40557,40558,40559,40560,40561,40561,40562
40641,40642,40642,40643,40644,40645,40645,40645,40646,40647,40648,40649,40650,40650,40651,40651,40652
40808,40809,40809,40810,40811,40812,40813,40814,40814,40815,40815,40816
40979,40979,40980,40981,40981,40982,40982,40982,40983,40984,40985,40986,40987,40988,40989,40990,40991
41171,41172,41172,41173,41174,41175,41176,41177,41178,41179
41541,41542,41543,41543,41544,41545,41546,41547
42062,42063,42063,42063,42064,42065,42066,42066,42067,42068
42262,42263,42263,42264,42265,42266,42267,42268,42269,42270,42271,42272,42273,42274
42626,42627,42627,42628,42628,42628,42628,42628,42628,42628,42628,42628,42628,42628,42629,42630,42631,42632,42633,42634,42634,42634,42635
42867,42867,42867,42868,42869,42869,42870,42870,42871
42880,42881,42882,42882,42883,42884,42885,42885,42885,42886,42886
43192,43193,43193,43194,43195,43196,43197,43198,43199,43200,43200,43201
43202,43203,43204,43205,43206,43207,43208,43209
43743,43744,43744,43745,43746,43747,43748,43749,43750,43751,43752,43752
43814,43815,43816,43817,43818,43818,43819,43820,43820,43821,43822,43823,43824,43825,43825
43743,43744,43744,43745,43746,43747,43748,43749,43750,43751,43752,43752
43911,43911,43912,43913,43914,43914,43915,43916,43917,43918,43919
44335,44336,44337,44338,44339,44340,44341,44342
72469,72470,72471,72471,72471,72472,72473,72474,72475,72476,72476,72476,72477,72478,72479,72479,72480,72481,72482
72611,72612,72612,72613,72614,72615,72616,72617,72618,72618,72618,72618,72618,72618
72723,72724,72724,72724,72725,72726,72727,72728,72729,72730,72731,72731
72648,72649,72649,72650,72651,72652,72652,72653,72654,72655,72656,72657,72658,72659,72660,72660,72661,72661,72662,72663,72663,72664,72665
72801,72802,72802,72802,72803,72804,72805,72806,72807,72808,72808,72808
72809,72810,72810,72810,72811,72812,72813,72814,72815,72815,72816,72817,72818,72818,72818,72819,72818,72820,72821,72821,72822,72823,72823,72824,72825
72826,72827,72827,72828,72829,72830,72831,72832,72833,72833,72834,72834,72835,72836,72837,72838,72839
72962,72963,72963,72964,72965,72965,72966,72967,72967,72967,72967,72967,72967,72968,72969,72969,72969
73052,73053,73054,73055,73056,73056,73057,73058,73058,73059,73060,73061,73061,73061,73061,73062,73063,73064,73064,73064,73065,73066,73067,73068,73068,73068
73185,73186,73187,73188,73189,73189,73190,73191,73192,73193,73193,73194,73195
73314,73315,73316,73317,73317,73317,73318,73319,73319,73319,73319,73320,73321
73376,73377,73377,73378,73379,73380,73381,73382,73382,73383,73384,73385,73386,73387
73643,73644,73645,73646,73647,73648,73649,73650,73650
73695,73696,73697,73697,73698,73699,73700,73701,73701,73702
74315,74316,74317,74317,74317,74317,74318,74319,74320,74321,74321
74447,74448,74448,74449,74450,74450,74450,74451,74451,74451,74452,74453,74454,74454
74603,74604,74605,74606,74607,74608,74608,74609,74609,74609,74610,74611,74612,74613,74614,74615,74616,74617,74617,74618,74619,74620,74621,74622,74623,74624
75072,75073,75074,75075,75076,75076,75077,75078,75079,75079,75079,75080,75081,75082,75083,75084,75085,75086,75086
75152,75153,75154,75155,75155,75155,75156,75157,75158
75599,75600,75600,75600,75600,75600,75600,75601,75602,75603,75603
75699,75700,75700,75700,75700,75701,75702,75702,75702,75703,75704,75704,75704
75716,75717,75718,75718,75719,75720,75720,75721,75722,75723,75723,75724,75725,75726,75727,75728,75729,75730,75731,75732,75733,75734,75735,75735,75736
75786,75787,75788,75789,75790,75791,75791,75791,75792,75793,75794,75795,75796,75797,75797,75798,75799,75800,75801,75801,75801
75802,75803,75804,75805,75806,75807,75807,75808,75809,75810,75811,75812,75812,75812,75813,75814,75815,75815,75816,75817,75817,75817
75958,75959,75960,75960,75961,75962,75963,75963,75963,75964,75965,75966
76103,76104,76105,76106,76107,76107,76108,76108,76108,76109
76131,76132,76133,76133,76134,76135,76135,76136,76137,76138,76138
76182,76183,76183,76184,76185,76186,76187,76188,76189,76189,76190,76191,76192,76192,76193,76194
76458,76458,76458,76461,76462,76462,76462,76463,76464,76464,76464,76464,76458,76465,76466,76467,76467,76468
76483,76484,76485,76485,76486,76487,76488,76488,76489,76489,76490,76491,76491,76492,76493,76494,76495
76701,76702,76702,76703,76704,76705,76705,76706,76707,76708,76709,76710,76711,76711,76711
77008,77009,77010,77010,77011,77012,77013,77013,77013,77013
76997,76998,76999,77000,77001,77002,77003,77004,77005,77006,77007
75858,75859,75860,75861,75861,75861,75861,75862,75863,75864,75865,75866,75867,75867,75868,75869,75870,75871,75871,75872,75873,75874,75875,75876,75877,75877,75878,75879,75880,75881,75882,75882
77446,77447,77448,77448,77448,77448,77448,77448,77448
77636,77637,77638,77638,77638,77639,77640,77641,77642,77643,77644,77645
77663,77664,77664,77665,77665,77666,77667,77668,77669,77670,77670
78201,78202,78202,78202,78202,78203,78204,78204,78204,78205,78205,78205,78205,78205,78206
78579,78580,78581,78582,78582,78582,78583,78584,78584,78585,78586,78587,78588,78589
78975,78976,78977,78978,78978,78979,78980,78981,78981,78982
79466,79467,79468,79469,79470,79471,79472,79472,79473,79474,79475,79476
79567,79568,79569,79570,79571,79572,79573,79573,79573,79573,79573,79572,79572,79572,79572,79574,79575,79576,79576
79788,79789,79790,79791,79791,79791,79792,79793,79793,79793,79794,79795,79796,79796,79796,79797,79797,79797,79797,79797,79797,79797,79797,79797,79797,79798,79799
79892,79893,79893,79893,79893,79894,79895,79896,79896,79897,79898,79898,79898,79899,79900,79901
80115,80115,80115,80115,80116,80117,80118,80119,80119,80120,80120,80121,80122,80123
80435,80436,80437,80437,80437,80438,80439,80440,80440,80440,80441
80421,80422,80423,80424,80424,80425,80426,80427,80427,80427,80427,80424,80424,80424,80424,80424,80428,80429,80430,80424,80424,80424,80424,80431,80432,80432,80432,80424,80424,80424,80424,80433,80434
80450,80451,80452,80452,80453,80454,80455,80455,80455,80456,80457,80458,80458,80458,80458,80458,80458
180831,180832,180833,180834,180834,180835,180836,180836,180837,180838,180838,180839
180853,180854,180855,180855,180856,180857,180858,180858,180858,180859,180860,180861,180862,180863,180864,180864,180864,180864,180865,180866
180886,180887,180888,180889,180890,180891,180892,180893,180894,180895,180896,180896,180897
180958,180959,180960,180961,180962,180963,180964,180965,180966,180966,180967,180968,180968,180969,180970,180971,180972,180973,180973,180974,180975,180975,180975,180976,180977
180989,180990,180990,180991,180992,180992,180993,180994,180994,180994,180995,180996,180996,180997,180998,180999,180999,180999,181000,181001
181032,181033,181034,181035,181035,181036,181037,181037,181038,181039,181039,181040,181041,181042,181042
181145,181146,181146,181146,181147,181147,181147,181147,181148,181149,181150,181151,181152,181153,181153,181153,181153,181153,181153,181154,181155,181156,181157,181158,181159
181160,181161,181161,181162,181163,181164,181165,181166,181167,181168,181169,181169,181170,181171,181172,181172,181173
181215,181216,181216,181217,181218,181219,181220,181221,181221
181561,181562,181563,181563,181563,181564,181565,181566,181566,181566
181687,181688,181689,181689,181690,181691,181691,181692,181693
181847,181848,181849,181850,181851,181852,181853,181854
181952,181953,181954,181955,181956,181957,181958,181959
182005,182006,182007,182008,182009,182009,182010,182011,182012,182013,182014,182015,182016
182119,182120,182120,182121,182122,182123,182124,182125,182126
182127,182128,182129,182129,182130,182131,182132,182133
182227,182228,182229,182230,182231,182232,182233,182234,182235
182308,182309,182310,182310,182311,182312,182312,182313,182314
182387,182388,182389,182390,182391,182392
182475,182475,182476,182477,182478,182479,182480
182511,182512,182513,182514,182515,182516,182517,182517,182518
182814,182815,182816,182816,182817,182818,182819
183034,183034,183034,183035,183036,183037,183038,183039,183040
183131,183132,183133,183134,183135,183136,183137,183137
183138,183139,183140,183141,183142,183142
183478,183479,183480,183480,183481,183482,183482,183483
183520,183521,183522,183523,183524,183525
183579,183580,183581,183582,183583,183583,183584,183585
183692,183693,183694,183695,183696,183697
183741,183742,183743,183744,183745,183746,183746,183747
183754,183755,183756,183756,183757,183758,183759,183760,183760,183760
183833,183834,183835,183836,183837,183838,183839,183840
183940,183941,183942,183943,183944,183945,183945,183946
184351,184352,184353,184354,184355,184356
184430,184430,184431,184432,184433,184434,184435
184551,184552,184553,184554,184555,184556,184557,184558
184868,184869,184870,184871,184872,184873,184874,184875
185653,185654,185655,185656,185657,185658,185658
185675,185676,185677,185677,185678,185679,185679,185680
185894,185895,185896,185896,185897,185898,185899,185900
186214,186215,186216,186216,186217,186218
186481,186482,186482,186483,186484,186485,186486,186487,186488
186980,186981,186982,186983,186984,186985,186985
187432,187433,187434,187434,187434,187434
192616,192617,192618,192619,192620
192855,192856,192857,192857,192858,192859,192860,192861,192862
193365,193366,193367,193368,193368,193369,193370,193371
193496,193496,193497,193498,193499,193500,193501
193703,193704,193705,193706,193707,193708,193709,193709,193709
193782,193783,193784,193785,193785,193785,193785
194492,194493,194494,194495,194496,194496,194497
194689,194690,194691,194691,194692,194693,194693,194693
195031,195032,195032,195032,195033,195034,195035,195036
195090,195091,195091,195092,195093,195094,195095,195096
195514,195514,195515,195516,195517,195518,195519,195520
195573,195573,195574,195575,195576,195577,195578,195578
195909,195910,195911,195911,195911,195912,195912,195912,195912
196399,196400,196400,196401,196402,196403
196611,196612,196613,196614,196615,196615
196804,196805,196806,196807,196808,196808,196809,196810,196811
197286,197286,197286,197286,197287,197287,197287,197287,197287
197454,197455,197456,197456,197456,197457,197457,197458
197944,197945,197946,197947,197948,197949,197949
197961,197961,197962,197963,197964,197965,197966,197966
164003,164004,164005,164005,164005,164006,164006,164006,164007,164008,164009,164009,164009,164010,164011,164012,164013,164014,164015,164016,164017,164018
164075,164076,164076,164076,164077,164077,164077,164077,164078,164079,164079,164079
164347,164348,164349,164349,164350,164351,164351,164352,164352,164353,164354,164354,164355,164355,164356,164356,164356,164357,164357,164357,164357,164357
164373,164374,164374,164374,164374,164374,164374,164374,164375,164376,164377,164377,164378,164379,164379,164380,164380,164380,164380,164381
164382,164383,164384,164384,164384,164385,164386,164387,164388,164389,164390,164390,164391,164392,164393,164393,164394,164394,164394,164394,164394
164491,164492,164492,164492,164493,164494,164495,164495,164495,164495
164507,164507,164507,164507,164507,164508,164509,164509,164510,164510,164511,164511,164512
164639,164640,164641,164642,164642,164643,164644,164644,164644,164645,164646,164646,164647,164648
164662,164663,164664,164665,164666,164666,164667,164668,164669,164670,164671
164990,164991,164991,164991,164991,164992,164992,164992,164992,164993,164993,164993,164994,164995,164995
165136,165137,165137,165138,165138,165139,165140,165141,165142,165143,165144,165144,165144,165145,165146,165147,165148,165148,165148,165148,165148
165179,165180,165180,165180,165181,165182,165182,165182,165183,165184,165184,165185,165186,165186,165187,165187,165187,165187
165217,165217,165217,165218,165218,165218,165218,165218,165219,165220,165221,165221,165221,165222,165222,165223,165224
165504,165505,165506,165505,165505,165505,165507,165508,165508,165509,165510,165511,165511,165512,165512,165512,165512
165531,165532,165533,165534,165534,165535,165536
165548,165549,165549,165550,165550,165550,165550,165550,165550,165550,165550,165550,165550,165550,165550
165779,165780,165781,165782,165783,165783,165783,165783,165784,165785,165786,165787,165788,165789,165790,165791,165792,165793
165804,165804,165804,165805,165806,165807,165808,165809,165810,165810,165811,165812,165813,165814,165815,165816,165817,165818,165818
165861,165862,165863,165864,165865,165866,165867,165868
166012,166013,166014,166015,166016,166017,166017,166018,166018
69508,69508,69509,69510,69511,69512,69513,69514,69515,69516,69517,69518,69518,69519,69519,69520,69521,69522
69627,69628,69629,69630,69631,69632,69633,69634,69634,69635,69636
69637,69637,69638,69639,69640,69641,69642,69643,69644,69645,69646,69647
69657,69657,69658,69659,69660,69660,69661,69662,69663,69664,69665,69666,69667,69668,69668
69669,69670,69671,69672,69673,69674,69675,69675,69676,69677,69678,69679
69727,69728,69728,69729,69730,69731,69732,69733,69734,69735,69736,69737,69738,69739,69740,69740,69741,69742,69743
69801,69802,69803,69804,69805,69805,69805,69806,69807,69808,69808
69809,69810,69811,69812,69813,69814,69815,69816,69816,69817,69817
69876,69877,69877,69878,69878
70044,70044,70045,70046,70047,70048,70049,70050,70051,70052,70053
136443,136444,136445,136445,136445,136445,136446,136447,136448,136449,136450,136451
136515,136516,136517,136517,136518,136519,136520,136521,136522,136523,136523,136524,136525,136526,136527,136528,136529,136529
136588,136589,136590,136591,136592,136592,136593,136594,136595,136596,136597,136598,136599,136600,136601,136601,136601,136602
136603,136604,136605,136606,136606,136607,136608,136609,136610,136611,136612,136613
136614,136615,136615,136616,136617,136618,136619,136620,136621,136622,136622,136622,136623,136624,136625,136626,136626,136627,136628,136629,136630,136631,136632
136777,136778,136779,136779,136779,136780,136781,136782,136783,136784,136785,136786,136787,136788,136788
136823,136824,136825,136825,136826,136827,136828,136828,136829,136830,136831,136831,136832,136833,136834,136835,136836,136837
136924,136925,136926,136927,136928,136929,136929,136929,136930,136931,136932,136932,136932,136933,136934,136935,136935,136936,136937,136938,136939,136940
136941,136942,136943,136943,136944,136945,136946,136947,136947,136948,136949,136950,136951,136952,136952
136953,136954,136955,136956,136957,136957,136958,136959,136960,136961,136962,136963,136964,136965,136966,136967,136968,136969
44438,44439,44439,44440,44441,44441,44441,44442,44443,44443,44443,44443,44443,44443,44443,44443,44443,44443,44443
44532,44533,44534,44534,44535,44535,44535,44535,44535,44535,44535,44535,44536,44537,44538,44539,44540,44540,44540,44540,44540,44541,44542,44543,44544,44545
44559,44560,44560,44561,44562,44562,44563,44564,44564,44565
44566,44567,44568,44568,44568,44569,44570,44571,44572,44572,44572,44572,44573,44574,44575,44575,44575,44575
44589,44590,44590,44591,44591,44591,44592,44593,44593,44594,44594,44594,44594,44595
44657,44658,44658,44659,44659,44659,44659,44660,44661,44662,44663,44664,44665,44665,44665
44740,44741,44741,44742,44743,44744,44745,44746,44746,44747,44748,44749,44750,44751,44752,44753,44753,44753,44753
44773,44774,44774,44775,44775,44776,44777,44777,44778,44778,44779,44779,44780,44781,44782,44783,44784,44785,44785,44786,44786,44786,44786
44859,44860,44861,44862,44862,44862,44863,44864
44915,44915,44915,44916,44917,44917,44917,44917
44938,44939,44939,44939,44939,44940,44940,44940,44941,44941,44941,44942,44941
44957,44957,44957,44958,44959,44960,44960,44961,44961,44961,44962,44957,44957,44957,44957,44957,44963,44963,44963
45005,45006,45006,45006,45006,45007,45008,45008,45009,45009,45009
45022,45023,45024,45024,45024,45025,45025,45026,45026,45026
45030,45031,45032,45032,45032,45033,45033,45034,45034,45034,45035,45036,45037,45038,45038
45100,45101,45101,45101,45101,45102,45102,45102,45102,45103,45104,45104
45114,45115,45115,45115,45115,45116,45117,45118,45119,45120,45121,45121,45121,45122,45123,45124,45124,45124,45125,45126,45126
45175,45176,45177,45178,45179,45180,45181,45182,45182,45182,45183,45183,45184,45185,45186,45187,45187,45188,45188,45188,45188
45280,45281,45281,45281,45281,45282,45283,45283,45284,45285,45286,45286,45287,45287,45287,45287,45287
45298,45299,45299,45299,45299,45299,45300,45301,45301,45302,45303,45304,45304,45305,45305,45305
45316,45317,45317,45317,45317,45318,45319,45320,45320,45321,45321,45321,45321,45321
45528,45529,45530,45530,45531,45531,45532,45533,45533,45533,45534,45535,45535,45536,45536,45536,45537,45537,45538,45539,45540,45541,45542,45542,45542
45727,45727,45727,45727,45728,45729,45730,45731,45731,45732,45732,45733,45734,45735,45736,45737,45738,45739,45740,45740,45740
45741,45741,45742,45743,45744,45744,45744,45745,45746
45747,45747,45747,45747,45748,45749,45750,45751,45752,45753,45753,45754,45754
45839,45840,45841,45842,45842,45843,45844,45844,45844,45845,45846,45847,45847,45847,45847
45848,45849,45850,45850,45850,45851,45851,45851,45852,45853,45853,45853,45853,45854,45855,45855,45856,45857,45857,45857
45858,45859,45860,45860,45860,45861,45861,45862,45863,45863,45864,45864,45865,45866,45866,45867,45868,45868,45868,45869,45869,45870,45870
45927,45928,45928,45929,45929,45929,45930,45931
45945,45946,45946,45946,45946,45946,45947,45948,45948,45949,45950,45951,45951
45952,45953,45953,45954,45954,45953,45953,45953,45953,45953,45953,45955,45956,45956,45956,45957,45958,45959,45960,45961,45961
46434,46435,46435,46436,46436,46437,46438,46438,46439,46439,46440,46440
46509,46510,46510,46511,46512,46512,46513,46513,46513,46514,46515,46515,46515,46515,46515,46515,46516,46517,46517,46517,46518,46519,46520,46520,46521,46522,46523,46523,46524,46524
46551,46552,46553,46554,46555,46556,46556,46556,46556,46557,46557,46557,46557,46558,46559,46560,46561,46561,46562,46562,46563,46564,46565
46687,46687,46687,46687,46687,46688,46688,46689,46690,46691,46691,46691,46692
46738,46739,46740,46740,46741,46742,46743,46743,46743,46743,46744,46745,46746,46746,46747,46747,46748,46748
46794,46795,46796,46797,46798,46798,46799,46799,46800,46800,46800,46801,46802,46803,46803,46804
46894,46895,46896,46896,46896,46896,46897,46898,46899,46900,46901,46902,46902,46902,46903,46904
46927,46928,46929,46929,46929,46930,46930
47023,47024,47025,47026,47027,47028,47029,47029,47030,47031,47032,47033,47034,47035
47192,47193,47194,47194,47194,47194,47195,47196,47197,47198,47199,47200,47201,47202,47203,47204,47205,47206,47206,47207,47207,47208,47209,47210
47498,47499,47499,47500,47501,47501,47501,47501,47502,47503,47504,47505,47505,47506
47517,47518,47519,47520,47520,47521,47522,47522,47522
47671,47672,47673,47674,47674,47675,47675,47675,47676,47677,47678,47678,47678,47679
47806,47806,47807,47808,47808,47809,47809,47809,47810,47811,47812,47813,47813
47959,47960,47960,47961,47961,47962,47962,47962,47962,47962,47962
48337,48338,48338,48339,48340,48341,48342,48343,48344,48344,48345,48346,48346,48347,48348,48349,48350
48399,48400,48400,48400,48401,48402,48402,48402,48402,48403,48403
48425,48426,48426,48426,48427,48427,48427,48427,48428,48429,48429,48429
48738,48739,48740,48741,48741
110697,110698,110698,110699,110700,110700,110701,110702
110733,110734,110735,110736,110736,110737,110737,110738,110739,110740,110741,110742,110743,110744
110914,110915,110916,110917,110918,110919,110920,110921,110922,110923,110924,110925,110925,110926,110927,110928
111015,111016,111017,111018,111018,111019,111020,111021,111022,111022,111023,111023,111023,111023
111221,111222,111223,111223,111223,111224,111225,111226,111227,111227,111228,111229,111230,111231,111232,111233,111234,111234,111235,111235,111235,111235,111235
111585,111586,111586,111587,111587,111588,111589,111590,111591,111592,111593,111594,111594,111595,111596,111597
111720,111721,111721,111722,111723,111724,111725,111725,111726,111727,111728,111729,111729
112149,112150,112151,112152,112152,112152,112153,112153,112154,112155,112155,112156,112157,112158,112158,112159,112160,112161,112162,112163,112163,112163
112384,112385,112386,112387,112388,112389,112390,112391,112392,112393,112394,112394,112395,112395,112396,112396,112397,112398,112399,112399
112898,112898,112899,112900,112901,112901,112901,112902,112903,112903,112903,112903,112904,112905,112905,112906,112906,112907,112908,112909,112909,112910,112911,112912,112913
113030,113031,113032,113033,113034,113034,113035,113035
113224,113225,113225,113226,113227,113228,113229,113229,113230,113231,113232,113233,113234
113404,113405,113405,113406,113407,113407,113407,113408,113409,113409,113409,113410,113410,113411,113412,113413,113414
113415,113416,113417,113417,113418,113419,113420,113421,113422,113423,113423,113423,113424,113425,113426,113426,113426
113466,113467,113467,113468,113468,113469,113469,113469,113470,113471,113472
113473,113474,113474,113475,113476,113477,113477,113477,113478,113478,113479,113480,113481,113482,113483,113483,113483,113483,113484,113485,113486,113487,113488,113488,113489,113489,113490,113491,113491
113818,113819,113819,113820,113820,113821,113822,113822,113823,113823,113823,113824,113825,113826,113827,113828,113828,113828,113829,113830,113831,113832
113901,113901,113902,113903,113904,113905,113906,113907,113907
113955,113956,113957,113958,113958,113959,113959,113959,113959,113959,113959,113959,113959,113960,113961,113961,113961,113959,113962,113963,113964,113964,113964
114065,114066,114067,114068,114069,114070,114071,114072,114072,114073,114074,114075,114075,114075,114076,114077,114078,114079,114079,114080,114081
114109,114110,114111,114112,114112,114113,114114,114115,114116,114116,114117,114118,114118,114118,114119
114187,114188,114189,114190,114191,114192,114193,114193,114193,114194,114194,114195,114195,114196,114197,114198,114198,114199,114200,114201,114202,114203,114204
114439,114440,114441,114442,114443,114444,114445,114445,114445
114527,114528,114529,114530,114530,114530,114530,114531,114532,114533,114534,114535,114535
114536,114537,114538,114539,114540,114541,114542,114543,114544,114544,114545,114546,114547,114548,114549,114550,114550
114737,114738,114739,114739,114739,114740,114741,114742,114742,114742,114742,114742,114742,114742,114742,114742,114743,114744,114745,114746
114775,114776,114777,114778,114778,114779,114779,114779,114780,114781,114782,114782,114782,114782,114782,114782,114783,114784
114854,114855,114856,114856,114857,114858,114859,114860,114861,114861,114861
114939,114940,114941,114942,114943,114944,114945,114946,114946,114946,114946,114947,114947,114948,114948,114949,114950,114951
114965,114966,114967,114968,114969,114970,114971,114972,114972,114972,114973,114974,114975,114976,114977,114977
115064,115065,115066,115066,115067,115068,115069,115070,115071,115072,115072,115072,115073,115074,115075,115076,115076,115076
115156,115157,115158,115159,115160,115160,115161,115161,115161,115162,115163,115164,115165,115165,115166,115167,115168,115169,115170,115170,115171,115171
115172,115173,115174,115174,115175,115175,115176,115177,115178,115178,115179,115180,115181,115182,115182,115183,115184,115185,115186,115187,115188,115188,115188,115188,115189,115190,115191,115192,115193
115496,115497,115498,115498,115499,115500,115501,115502,115503,115504,115505,115505,115505,115505
115506,115507,115508,115508,115509,115510,115511,115511
115646,115647,115648,115649,115650,115650,115651,115651,115652,115653,115654,115655,115656,115657,115658,115659,115660,115661,115661,115662,115663
115876,115877,115878,115878,115879,115880,115881,115881,115882,115882,115883,115884,115885
116023,116024,116025,116025,116026,116026,116027,116028,116029,116030,116031,116032,116032,116033,116033,116034,116035,116036,116037,116038,116038,116039
116172,116173,116174,116175,116176,116177,116178,116179,116180,116181,116181,116181,116182,116183,116183,116183,116183,116183,116183,116183
120591,120592,120593,120594,120595,120596,120597,120598,120599,120599,120600,120601,120602,120603,120604,120605,120606,120607
120616,120617,120618,120618,120619,120620,120620,120621,120622,120623,120624,120625,120626,120627
120650,120651,120652,120653,120654,120655,120656,120657,120658,120658,120659
120674,120675,120676,120677,120678,120679,120680,120680,120680,120680
120691,120692,120693,120694,120694,120694,120695,120696,120697,120698,120698,120699,120700,120700
120717,120718,120719,120720,120721,120721,120721,120721,120721,120721,120722,120722,120722,120722,120722,120722,120722,120722,120722
120856,120857,120858,120858,120859,120860,120861,120862,120862
121091,121091,121092,121093,121093,121093,121093,121094,121095,121096,121097,121098,121098,121098
121099,121100,121101,121102,121103,121104,121105,121106,121107,121108,121109,121109,121110,121111
121122,121122,121122,121123,121124,121125,121125,121126,121127,121128,121129,121130,121131,121132
121194,121195,121196,121197,121197,121197,121198,121199,121200,121201,121201,121202,121203,121204,121204,121204,121204,121204,121204,121204,121204,121204,121205,121206
121215,121216,121217,121217,121217,121218,121219,121220,121220,121221,121222,121223,121223,121223,121224,121225,121226,121227,121227,121227,121228,121229,121230,121230
121306,121307,121308,121309,121310,121311,121311,121312,121312,121313,121314,121315,121316,121316,121316,121317,121318,121319,121319,121320,121321,121322,121323,121324,121325,121326,121327
121374,121375,121375,121376,121377,121377,121377,121377,121378,121379,121380,121380,121381,121382,121382,121382
121497,121497,121498,121499,121500,121501,121502,121503,121504,121505,121505,121505,121506
121618,121618,121618,121619,121620,121621,121622,121622,121623,121624,121625,121626,121627
121804,121805,121806,121806,121807,121808,121809,121810,121811,121812,121812,121813,121813,121814,121815,121816,121817,121818,121819,121820
122064,122065,122066,122067,122068,122069,122070,122071,122071,122072,122073
122103,122104,122105,122106,122107,122108,122108,122109,122110,122111,122112,122113,122114
122163,122164,122165,122166,122166,122167,122168,122169,122170,122170,122171,122172,122173,122174,122175,122176,122177
122178,122179,122180,122181,122182,122183,122183,122184,122185,122186,122186,122187,122188,122188
122201,122202,122203,122203,122204,122205,122206,122207,122207,122208,122209,122210,122211,122211
122212,122212,122213,122214,122215,122216,122217,122218,122219,122220,122221,122222,122223,122223,122224,122225,122226,122227,122228,122229
122244,122245,122246,122247,122247,122248,122249,122250,122251,122251,122252,122252,122252,122253,122253
122264,122265,122265,122265,122266,122266,122267,122268,122268,122269,122270
122290,122291,122292,122293,122294,122294,122295,122296,122297,122297,122298,122298,122299,122299,122300,122301,122302,122303,122304,122305,122306,122307
122323,122324,122325,122326,122327,122328,122329,122329,122329,122328,122328,122330,122331,122331,122332,122333,122334,122335,122336
122511,122512,122513,122514,122515,122515,122515,122516,122516
122661,122662,122663,122663,122663,122663,122664,122665,122666,122666,122667,122668
122669,122670,122671,122672,122672,122673,122674,122675,122676,122677,122677,122678,122678,122678,122678
122758,122759,122760,122761,122762,122762,122763,122764,122765,122766,122767,122768,122768,122768
122783,122784,122784,122785,122786,122786,122787,122788,122788,122788,122788,122789,122790,122791,122792,122793,122794,122795,122795
122661,122662,122663,122663,122663,122663,122664,122665,122666,122666,122667,122668
122669,122670,122671,122672,122672,122673,122674,122675,122676,122677,122677,122678,122678,122678,122678
122758,122759,122760,122761,122762,122762,122763,122764,122765,122766,122767,122768,122768,122768
122783,122784,122784,122785,122786,122786,122787,122788,122788,122788,122788,122789,122790,122791,122792,122793,122794,122795,122795
122826,122827,122827,122827,122827,122827,122828,122829,122830,122831,122832,122833,122834,122835,122836,122837,122838,122839,122840,122841,122842,122843,122844,122844,122844,122844,122845
123312,123313,123314,123314,123315,123316,123316,123317,123317,123317,123317,123318,123319,123319,123320,123321
123547,123548,123549,123549,123550,123551,123552,123553,123554,123555,123556,123557
123735,123736,123736,123736,123736,123737,123738,123739,123740,123740,123741,123742,123743,123743,123743,123744,123745,123746,123746,123746,123746,123747,123747,123748,123749,123750,123750
70425,70426,70427,70428,70429,70430,70431,70432,70433,70434,70435,70435,70435,70436,70436,70436,70437,70438,70438,70438
70656,70657,70658,70659,70660,70661,70662,70663,70663
70821,70821,70822,70823,70824,70825,70826,70827,70828,70828,70828,70828,70829,70830,70830,70831
70988,70989,70990,70991,70992,70992,70993,70994,70995,70996,70997,70998,70999,71000,71001,71002,71003,71004,71005,71005
71180,71180,71181,71182,71183,71184,71184,71185,71186,71187
71378,71379,71380,71381,71382,71382,71383,71384,71385,71386,71386,71387,71388,71389,71389
71592,71593,71593,71594,71595,71595,71596,71597,71598,71599,71600,71601,71601,71602,71602,71602,71603,71604
71605,71606,71606,71606,71607,71608,71608,71609,71609,71609,71610,71611,71611
71667,71667,71668,71669,71670,71671,71672,71672,71672,71673,71674,71675,71676,71677,71678,71678,71679
71735,71736,71737,71738,71739,71740,71741,71742,71743,71744,71744,71744
71769,71770,71771,71772,71773,71773,71773
71785,71785,71786,71787,71788,71789,71790,71791,71792,71793,71793,71793,71793
71801,71802,71802,71803,71804,71805,71806,71807,71807,71807,71808,71809,71810,71811,71812,71813,71814
71877,71878,71879,71880,71881,71881,71882,71883,71884,71885
71963,71964,71965,71966,71967,71967,71968,71969,71969,71970,71970
71997,71998,71999,71999,72000,72001,72001,72002,72003,72004,72005
72061,72062,72062,72063,72064,72065,72066,72067,72068
72069,72070,72071,72072,72073,72074,72075,72076,72077,72078,72078,72079,72080,72080,72080
72155,72156,72157,72158,72159,72160,72160,72161
72162,72163,72164,72164,72165,72166,72166,72167
72275,72276,72277,72278,72278,72279,72280,72281,72282,72283,72284,72285,72285,72286,72287,72288,72289
159660,159661,159661,159662,159663,159663,159664,159665,159666,159667,159668,159669,159670,159671
159735,159735,159736,159737,159737,159737,159738
159739,159740,159740,159741,159742,159743,159744,159744,159745,159746,159747,159747,159748,159749,159749,159750,159751,159752,159752,159753,159754
160021,160022,160023,160024,160024,160025,160025,160025,160026,160027,160027
160249,160250,160251,160252,160252,160252,160252,160253,160254,160255,160256,160257,160257,160258,160259,160259,160260
160261,160262,160263,160264,160264,160264,160264,160265,160266,160267,160268,160269,160270,160271
160554,160555,160556,160556,160557,160558,160558,160559,160560,160561,160561,160562,160563,160564,160565,160566,160567,160568,160568,160569,160570,160570,160570
160723,160724,160725,160726,160727,160727,160728,160729,160730,160730
160934,160935,160936,160937,160938,160939,160940,160941,160942,160943,160944,160945,160946,160947,160947
160971,160971,160972,160973,160974,160975,160976,160977,160977,160977,160978,160978,160979,160980,160981,160981,160982,160983,160984,160985,160986
161249,161250,161251,161252,161252,161252,161253,161254,161254,161255,161256,161256,161256,161257,161258,161259
161289,161290,161291,161292,161293,161293,161294,161295,161296,161297,161298,161299,161300,161300,161301,161302,161303,161304,161305,161305,161306,161307,161308,161309
161331,161332,161333,161333,161334,161335,161336,161337,161337,161338,161339,161340,161340,161341,161342,161342,161342,161343,161343,161344,161345
161470,161470,161471,161472,161473,161474,161475,161475,161476,161477
161773,161774,161775,161775,161775,161776,161777,161777,161778
161779,161780,161781,161782,161783,161784,161785,161786,161787,161788,161789,161789,161789
161790,161791,161792,161793,161794,161794,161795,161796,161797,161798,161799,161800,161801,161802,161803,161804,161805,161806
161868,161869,161870,161871,161872,161873,161873,161874,161875,161875,161875,161875,161876,161877,161878,161878,161878,161879,161880,161881
161950,161950,161951,161952,161952,161953,161954,161954,161955,161956,161957,161957,161958,161959,161960,161960
161961,161962,161963,161963,161964,161965,161966,161967,161967,161968,161969
162024,162025,162025,162025,162026,162027,162028,162029,162029,162029,162030,162031,162032,162033
166084,166085,166085,166085,166086,166086,166087,166088,166089,166090,166091
166159,166160,166160,166161,166162,166163,166163,166163,166164,166165,166166,166167,166167,166168,166169,166169
166224,166225,166226,166227,166228,166229,166230,166230,166230,166231,166232,166232
166300,166301,166302,166303,166304,166304,166304,166305,166306,166307,166308,166309,166309,166309,166309,166309,166309,166309,166310,166310,166310,166310,166310,166311,166312,166313,166313
166436,166437,166438,166438,166438,166439,166439,166440,166441,166442,166442,166442,166443,166444,166445,166446,166447
166518,166519,166519,166519,166519,166519,166519,166520,166521,166522,166523,166523
166600,166601,166601,166602,166602,166602,166603,166604,166605,166606,166607,166608,166609,166610,166611,166612
166997,166998,166999,167000,167001,167002,167003,167004,167005,167005,167005
167036,167037,167038,167038,167039,167040,167041,167042,167042,167042,167043,167044,167044,167044,167045,167046,167047,167048,167049,167050,167050,167050,167050
167367,167368,167369,167370,167371,167371,167372,167373,167374,167375,167376,167377,167377,167377,167378,167379,167380,167381,167382,167383,167384
167526,167527,167527,167528,167529,167530,167530,167530,167531,167532,167533,167533,167534,167535,167536,167537,167538,167539,167540,167541,167542,167543,167544,167545,167546
167854,167855,167856,167857,167858,167859,167859,167859,167860,167861,167862,167862
167894,167895,167896,167897,167897,167897,167897,167897,167897,167897,167897
167968,167969,167970,167971,167971,167972,167973,167974,167975,167976,167977,167978,167979,167979,167979,167980,167981,167981,167982,167983
168078,168079,168079,168080,168080,168081,168081,168081,168082,168083,168083,168083,168084,168085,168086,168086,168086
168189,168190,168191,168192,168192,168192,168193,168193
168705,168706,168706,168707,168708,168708,168709,168710,168710,168710,168710,168711,168712,168712,168712
168952,168953,168953,168954,168954,168955,168956,168956,168957,168958,168959,168959,168959,168959
169369,169370,169370,169371,169372,169372,169372,169372,169373,169374,169375,169376,169376,169377,169378
169379,169380,169381,169382,169383,169383,169384,169385,169385,169386,169387,169388,169389,169389,169390,169391,169392,169393,169394
169683,169684,169684,169684,169684,169685,169686,169687,169687,169688,169689,169690,169691,169691,169691,169691,169692,169693,169694,169695
169775,169776,169777,169777,169777,169778,169779,169779,169780,169781,169782,169783,169784,169785,169786,169787,169788,169789,169790,169791,169792,169793
169737,169738,169739,169740,169741,169742,169742,169743,169744,169745,169746
170137,170138,170139,170140,170140,170141,170142,170143,170144,170145,170145,170145
170496,170497,170497,170497,170497,170498,170498,170499,170500,170501,170501,170502,170503,170504,170504,170505,170506,170507,170508,170509,170510,170510
170536,170537,170538,170538,170538,170539,170540,170541,170541,170541,170542,170543,170544,170544
171066,171067,171068,171068,171068,171068,171069,171070,171071,171071,171071
174079,174080,174081,174081,174082,174083,174083,174083
174203,174204,174204,174204,174205,174205,174206,174207,174208,174209,174210,174210,174210,174211,174211,174211
